-36.18	29.801474
-36.17	29.601474
-36.16	29.401474
-36.15	29.201474
-36.14	29.001474
-36.13	28.801474
-36.12	28.601474
-36.11	28.401474
-36.1	28.201474
-36.09	28.001474
-36.08	27.801474
-36.07	27.601474
-36.06	27.401474
-36.05	27.201474
-36.04	27.001474
-36.03	26.801474
-36.02	26.601474
-36.01	26.401474
-36	26.201474
-35.99	26.001474
-35.98	25.801474
-35.97	25.601474
-35.96	25.401474
-35.95	25.201474
-35.94	25.001474
-35.93	24.801474
-35.92	24.601474
-35.91	24.401474
-35.9	24.201474
-35.89	24.001474
-35.88	23.801474
-35.87	23.601474
-35.86	23.401474
-35.85	23.201474
-35.84	23.001474
-35.83	22.801474
-35.82	22.601474
-35.81	22.401474
-35.8	22.201474
-35.79	22.001474
-35.78	21.801474
-35.77	21.601474
-35.76	21.401474
-35.75	21.201474
-35.74	21.001474
-35.73	20.801474
-35.72	20.601474
-35.71	20.401474
-35.7	20.201474
-35.69	20.001474
-35.68	19.801474
-35.67	19.601474
-35.66	19.401474
-35.65	19.201474
-35.64	19.001474
-35.63	18.801474
-35.62	18.601474
-35.61	18.401474
-35.6	18.201474
-35.59	18.001474
-35.58	17.801474
-35.57	17.601474
-35.56	17.401474
-35.55	17.201474
-35.54	17.001474
-35.53	16.801474
-35.52	16.601474
-35.51	16.401474
-35.5	16.201474
-35.49	16.001474
-35.48	15.801474
-35.47	15.601474
-35.46	15.401474
-35.45	15.201474
-35.44	15.001474
-35.43	14.801474
-35.42	14.601474
-35.41	14.401474
-35.4	14.201474
-35.39	14.035428
-35.38	13.908328
-35.37	13.801344
-35.36	13.707208
-35.35	13.622201
-35.34	13.544114
-35.33	13.471509
-35.32	13.403387
-35.31	13.339021
-35.3	13.277861
-35.29	13.219482
-35.28	13.163545
-35.27	13.109773
-35.26	13.057941
-35.25	13.007859
-35.24	12.959366
-35.23	12.912326
-35.22	12.866621
-35.21	12.822146
-35.2	12.778813
-35.19	12.736541
-35.18	12.69526
-35.17	12.654906
-35.16	12.615423
-35.15	12.576761
-35.14	12.538872
-35.13	12.501715
-35.12	12.465252
-35.11	12.429448
-35.1	12.39427
-35.09	12.359689
-35.08	12.325678
-35.07	12.292212
-35.06	12.259267
-35.05	12.226822
-35.04	12.194856
-35.03	12.16335
-35.02	12.132288
-35.01	12.101651
-35	12.071426
-34.99	12.041596
-34.98	12.01215
-34.97	11.983073
-34.96	11.954353
-34.95	11.925979
-34.94	11.89794
-34.93	11.870226
-34.92	11.842827
-34.91	11.815733
-34.9	11.788937
-34.89	11.762428
-34.88	11.7362
-34.87	11.710245
-34.86	11.684555
-34.85	11.659123
-34.84	11.633943
-34.83	11.609009
-34.82	11.584314
-34.81	11.559853
-34.8	11.535619
-34.79	11.511609
-34.78	11.487815
-34.77	11.464234
-34.76	11.440861
-34.75	11.417691
-34.74	11.394719
-34.73	11.371942
-34.72	11.349356
-34.71	11.326956
-34.7	11.304738
-34.69	11.2827
-34.68	11.260837
-34.67	11.239146
-34.66	11.217623
-34.65	11.196266
-34.64	11.175072
-34.63	11.154037
-34.62	11.133158
-34.61	11.112434
-34.6	11.09186
-34.59	11.071434
-34.58	11.051154
-34.57	11.031018
-34.56	11.011022
-34.55	10.991165
-34.54	10.971444
-34.53	10.951857
-34.52	10.932402
-34.51	10.913077
-34.5	10.89388
-34.49	10.874808
-34.48	10.85586
-34.47	10.837035
-34.46	10.818329
-34.45	10.799742
-34.44	10.781272
-34.43	10.762916
-34.42	10.744674
-34.41	10.726538
-34.4	10.708466
-34.39	10.690448
-34.38	10.672485
-34.37	10.654577
-34.36	10.636722
-34.35	10.61892
-34.34	10.601171
-34.33	10.583475
-34.32	10.565832
-34.31	10.54824
-34.3	10.5307
-34.29	10.513211
-34.28	10.495773
-34.27	10.478386
-34.26	10.461049
-34.25	10.443762
-34.24	10.426524
-34.23	10.409336
-34.22	10.392197
-34.21	10.375107
-34.2	10.358065
-34.19	10.341071
-34.18	10.324124
-34.17	10.307225
-34.16	10.290374
-34.15	10.273569
-34.14	10.256811
-34.13	10.240099
-34.12	10.223433
-34.11	10.206813
-34.1	10.190239
-34.09	10.173709
-34.08	10.157225
-34.07	10.140785
-34.06	10.124389
-34.05	10.108038
-34.04	10.091731
-34.03	10.075467
-34.02	10.059247
-34.01	10.043069
-34	10.026935
-33.99	10.010843
-33.98	9.9947937
-33.97	9.9787865
-33.96	9.9628211
-33.95	9.9468974
-33.94	9.9310152
-33.93	9.9151741
-33.92	9.899374
-33.91	9.8836147
-33.9	9.8678959
-33.89	9.8522174
-33.88	9.836579
-33.87	9.8209804
-33.86	9.8054215
-33.85	9.7899021
-33.84	9.7744218
-33.83	9.7589806
-33.82	9.7435782
-33.81	9.7282144
-33.8	9.712889
-33.79	9.6976017
-33.78	9.6823525
-33.77	9.6671411
-33.76	9.6519673
-33.75	9.6368309
-33.74	9.6217317
-33.73	9.6066696
-33.72	9.5916443
-33.71	9.5766557
-33.7	9.5617035
-33.69	9.5467876
-33.68	9.5319078
-33.67	9.5170639
-33.66	9.5022558
-33.65	9.4874833
-33.64	9.4727461
-33.63	9.4580442
-33.62	9.4433773
-33.61	9.4287453
-33.6	9.4141479
-33.59	9.3995852
-33.58	9.3850568
-33.57	9.3705626
-33.56	9.3561024
-33.55	9.3416762
-33.54	9.3272837
-33.53	9.3129247
-33.52	9.2985991
-33.51	9.2843068
-33.5	9.2700476
-33.49	9.2558213
-33.48	9.2416278
-33.47	9.2274669
-33.46	9.2133386
-33.45	9.1992426
-33.44	9.1851787
-33.43	9.1711469
-33.42	9.157147
-33.41	9.1431789
-33.4	9.1292424
-33.39	9.1153373
-33.38	9.1014636
-33.37	9.0876211
-33.36	9.0738096
-33.35	9.0600291
-33.34	9.0462793
-33.33	9.0325602
-33.32	9.0188716
-33.31	9.0052133
-33.3	8.9915854
-33.29	8.9779875
-33.28	8.9644197
-33.27	8.9508817
-33.26	8.9373734
-33.25	8.9238947
-33.24	8.9104456
-33.23	8.8970258
-33.22	8.8836352
-33.21	8.8702737
-33.2	8.8569412
-33.19	8.8436376
-33.18	8.8303628
-33.17	8.8171166
-33.16	8.8038989
-33.15	8.7907096
-33.14	8.7775486
-33.13	8.7644157
-33.12	8.7513109
-33.11	8.7382341
-33.1	8.725185
-33.09	8.7121637
-33.08	8.69917
-33.07	8.6862038
-33.06	8.673265
-33.05	8.6603534
-33.04	8.647469
-33.03	8.6346117
-33.02	8.6217813
-33.01	8.6089778
-33	8.5962011
-32.99	8.5834509
-32.98	8.5707273
-32.97	8.5580302
-32.96	8.5453594
-32.95	8.5327148
-32.94	8.5200964
-32.93	8.507504
-32.92	8.4949375
-32.91	8.4823969
-32.9	8.469882
-32.89	8.4573927
-32.88	8.444929
-32.87	8.4324908
-32.86	8.4200779
-32.85	8.4076903
-32.84	8.3953279
-32.83	8.3829905
-32.82	8.3706781
-32.81	8.3583907
-32.8	8.346128
-32.79	8.33389
-32.78	8.3216767
-32.77	8.3094879
-32.76	8.2973236
-32.75	8.2851836
-32.74	8.2730679
-32.73	8.2609764
-32.72	8.2489089
-32.71	8.2368655
-32.7	8.2248461
-32.69	8.2128505
-32.68	8.2008786
-32.67	8.1889304
-32.66	8.1770058
-32.65	8.1651048
-32.64	8.1532272
-32.63	8.1413729
-32.62	8.1295419
-32.61	8.1177341
-32.6	8.1059494
-32.59	8.0941878
-32.58	8.0824491
-32.57	8.0707332
-32.56	8.0590402
-32.55	8.0473699
-32.54	8.0357223
-32.53	8.0240972
-32.52	8.0124947
-32.51	8.0009145
-32.5	7.9893567
-32.49	7.9778212
-32.48	7.9663079
-32.47	7.9548167
-32.46	7.9433476
-32.45	7.9319005
-32.44	7.9204752
-32.43	7.9090718
-32.42	7.8976902
-32.41	7.8863303
-32.4	7.874992
-32.39	7.8636753
-32.38	7.85238
-32.37	7.8411062
-32.36	7.8298538
-32.35	7.8186226
-32.34	7.8074127
-32.33	7.7962239
-32.32	7.7850562
-32.31	7.7739095
-32.3	7.7627837
-32.29	7.7516789
-32.28	7.7405949
-32.27	7.7295316
-32.26	7.7184891
-32.25	7.7074671
-32.24	7.6964658
-32.23	7.6854849
-32.22	7.6745245
-32.21	7.6635845
-32.2	7.6526648
-32.19	7.6417654
-32.18	7.6308861
-32.17	7.620027
-32.16	7.609188
-32.15	7.5983689
-32.14	7.5875699
-32.13	7.5767907
-32.12	7.5660314
-32.11	7.5552918
-32.1	7.544572
-32.09	7.5338718
-32.08	7.5231913
-32.07	7.5125303
-32.06	7.5018887
-32.05	7.4912666
-32.04	7.4806639
-32.03	7.4700805
-32.02	7.4595164
-32.01	7.4489715
-32	7.4384457
-31.99	7.4279391
-31.98	7.4174515
-31.97	7.4069828
-31.96	7.3965331
-31.95	7.3861023
-31.94	7.3756904
-31.93	7.3652972
-31.92	7.3549227
-31.91	7.3445669
-31.9	7.3342297
-31.89	7.3239111
-31.88	7.313611
-31.87	7.3033294
-31.86	7.2930662
-31.85	7.2828214
-31.84	7.2725948
-31.83	7.2623866
-31.82	7.2521965
-31.81	7.2420246
-31.8	7.2318708
-31.79	7.2217351
-31.78	7.2116174
-31.77	7.2015177
-31.76	7.1914359
-31.75	7.181372
-31.74	7.1713259
-31.73	7.1612975
-31.72	7.1512869
-31.71	7.141294
-31.7	7.1313187
-31.69	7.121361
-31.68	7.1114209
-31.67	7.1014982
-31.66	7.091593
-31.65	7.0817052
-31.64	7.0718348
-31.63	7.0619817
-31.62	7.0521458
-31.61	7.0423272
-31.6	7.0325257
-31.59	7.0227414
-31.58	7.0129742
-31.57	7.003224
-31.56	6.9934909
-31.55	6.9837747
-31.54	6.9740754
-31.53	6.964393
-31.52	6.9547274
-31.51	6.9450786
-31.5	6.9354466
-31.49	6.9258313
-31.48	6.9162326
-31.47	6.9066506
-31.46	6.8970852
-31.45	6.8875363
-31.44	6.8780039
-31.43	6.8684879
-31.42	6.8589884
-31.41	6.8495052
-31.4	6.8400384
-31.39	6.8305879
-31.38	6.8211537
-31.37	6.8117357
-31.36	6.8023338
-31.35	6.7929481
-31.34	6.7835785
-31.33	6.774225
-31.32	6.7648875
-31.31	6.755566
-31.3	6.7462604
-31.29	6.7369707
-31.28	6.7276969
-31.27	6.718439
-31.26	6.7091968
-31.25	6.6999704
-31.24	6.6907598
-31.23	6.6815648
-31.22	6.6723855
-31.21	6.6632218
-31.2	6.6540736
-31.19	6.644941
-31.18	6.6358239
-31.17	6.6267223
-31.16	6.6176361
-31.15	6.6085654
-31.14	6.5995099
-31.13	6.5904698
-31.12	6.581445
-31.11	6.5724355
-31.1	6.5634412
-31.09	6.554462
-31.08	6.5454981
-31.07	6.5365492
-31.06	6.5276155
-31.05	6.5186967
-31.04	6.509793
-31.03	6.5009043
-31.02	6.4920306
-31.01	6.4831717
-31	6.4743278
-30.99	6.4654987
-30.98	6.4566844
-30.97	6.4478849
-30.96	6.4391002
-30.95	6.4303302
-30.94	6.4215749
-30.93	6.4128342
-30.92	6.4041082
-30.91	6.3953967
-30.9	6.3866998
-30.89	6.3780175
-30.88	6.3693497
-30.87	6.3606963
-30.86	6.3520574
-30.85	6.3434328
-30.84	6.3348227
-30.83	6.3262269
-30.82	6.3176454
-30.81	6.3090782
-30.8	6.3005252
-30.79	6.2919865
-30.78	6.283462
-30.77	6.2749516
-30.76	6.2664554
-30.75	6.2579733
-30.74	6.2495053
-30.73	6.2410513
-30.72	6.2326113
-30.71	6.2241853
-30.7	6.2157733
-30.69	6.2073752
-30.68	6.198991
-30.67	6.1906207
-30.66	6.1822642
-30.65	6.1739216
-30.64	6.1655927
-30.63	6.1572776
-30.62	6.1489763
-30.61	6.1406886
-30.6	6.1324147
-30.59	6.1241543
-30.58	6.1159076
-30.57	6.1076745
-30.56	6.099455
-30.55	6.091249
-30.54	6.0830566
-30.53	6.0748776
-30.52	6.0667121
-30.51	6.05856
-30.5	6.0504213
-30.49	6.042296
-30.48	6.0341841
-30.47	6.0260855
-30.46	6.0180002
-30.45	6.0099281
-30.44	6.0018694
-30.43	5.9938238
-30.42	5.9857915
-30.41	5.9777723
-30.4	5.9697663
-30.39	5.9617734
-30.38	5.9537936
-30.37	5.9458269
-30.36	5.9378732
-30.35	5.9299326
-30.34	5.922005
-30.33	5.9140903
-30.32	5.9061886
-30.31	5.8982998
-30.3	5.8904239
-30.29	5.8825609
-30.28	5.8747108
-30.27	5.8668735
-30.26	5.859049
-30.25	5.8512372
-30.24	5.8434383
-30.23	5.835652
-30.22	5.8278785
-30.21	5.8201177
-30.2	5.8123695
-30.19	5.804634
-30.18	5.7969111
-30.17	5.7892007
-30.16	5.781503
-30.15	5.7738178
-30.14	5.7661451
-30.13	5.758485
-30.12	5.7508373
-30.11	5.7432021
-30.1	5.7355793
-30.09	5.7279689
-30.08	5.7203709
-30.07	5.7127853
-30.06	5.7052121
-30.05	5.6976511
-30.04	5.6901025
-30.03	5.6825661
-30.02	5.6750421
-30.01	5.6675302
-30	5.6600306
-29.99	5.6525431
-29.98	5.6450679
-29.97	5.6376047
-29.96	5.6301538
-29.95	5.6227149
-29.94	5.6152881
-29.93	5.6078734
-29.92	5.6004707
-29.91	5.5930801
-29.9	5.5857015
-29.89	5.5783348
-29.88	5.5709802
-29.87	5.5636374
-29.86	5.5563066
-29.85	5.5489877
-29.84	5.5416807
-29.83	5.5343855
-29.82	5.5271022
-29.81	5.5198307
-29.8	5.512571
-29.79	5.5053231
-29.78	5.498087
-29.77	5.4908626
-29.76	5.4836499
-29.75	5.476449
-29.74	5.4692597
-29.73	5.4620821
-29.72	5.4549161
-29.71	5.4477618
-29.7	5.440619
-29.69	5.4334879
-29.68	5.4263683
-29.67	5.4192603
-29.66	5.4121638
-29.65	5.4050789
-29.64	5.3980054
-29.63	5.3909434
-29.62	5.3838928
-29.61	5.3768537
-29.6	5.3698261
-29.59	5.3628098
-29.58	5.3558049
-29.57	5.3488114
-29.56	5.3418292
-29.55	5.3348583
-29.54	5.3278988
-29.53	5.3209506
-29.52	5.3140136
-29.51	5.3070879
-29.5	5.3001734
-29.49	5.2932702
-29.48	5.2863781
-29.47	5.2794973
-29.46	5.2726276
-29.45	5.265769
-29.44	5.2589216
-29.43	5.2520854
-29.42	5.2452602
-29.41	5.2384461
-29.4	5.2316431
-29.39	5.2248511
-29.38	5.2180701
-29.37	5.2113002
-29.36	5.2045413
-29.35	5.1977933
-29.34	5.1910563
-29.33	5.1843303
-29.32	5.1776152
-29.31	5.170911
-29.3	5.1642177
-29.29	5.1575353
-29.28	5.1508637
-29.27	5.144203
-29.26	5.1375532
-29.25	5.1309141
-29.24	5.1242859
-29.23	5.1176684
-29.22	5.1110617
-29.21	5.1044658
-29.2	5.0978806
-29.19	5.0913061
-29.18	5.0847423
-29.17	5.0781892
-29.16	5.0716468
-29.15	5.065115
-29.14	5.0585939
-29.13	5.0520834
-29.12	5.0455835
-29.11	5.0390942
-29.1	5.0326155
-29.09	5.0261474
-29.08	5.0196898
-29.07	5.0132428
-29.06	5.0068062
-29.05	5.0003802
-29.04	4.9939647
-29.03	4.9875596
-29.02	4.981165
-29.01	4.9747808
-29	4.9684071
-28.99	4.9620438
-28.98	4.9556909
-28.97	4.9493483
-28.96	4.9430162
-28.95	4.9366944
-28.94	4.9303829
-28.93	4.9240818
-28.92	4.917791
-28.91	4.9115104
-28.9	4.9052402
-28.89	4.8989802
-28.88	4.8927305
-28.87	4.886491
-28.86	4.8802618
-28.85	4.8740428
-28.84	4.867834
-28.83	4.8616353
-28.82	4.8554468
-28.81	4.8492685
-28.8	4.8431004
-28.79	4.8369423
-28.78	4.8307944
-28.77	4.8246566
-28.76	4.8185289
-28.75	4.8124112
-28.74	4.8063036
-28.73	4.8002061
-28.72	4.7941186
-28.71	4.7880411
-28.7	4.7819736
-28.69	4.7759161
-28.68	4.7698686
-28.67	4.7638311
-28.66	4.7578035
-28.65	4.7517859
-28.64	4.7457782
-28.63	4.7397804
-28.62	4.7337925
-28.61	4.7278145
-28.6	4.7218464
-28.59	4.7158881
-28.58	4.7099397
-28.57	4.7040012
-28.56	4.6980724
-28.55	4.6921535
-28.54	4.6862444
-28.53	4.680345
-28.52	4.6744555
-28.51	4.6685757
-28.5	4.6627057
-28.49	4.6568453
-28.48	4.6509948
-28.47	4.6451539
-28.46	4.6393227
-28.45	4.6335013
-28.44	4.6276895
-28.43	4.6218873
-28.42	4.6160948
-28.41	4.610312
-28.4	4.6045388
-28.39	4.5987752
-28.38	4.5930212
-28.37	4.5872768
-28.36	4.581542
-28.35	4.5758167
-28.34	4.570101
-28.33	4.5643949
-28.32	4.5586982
-28.31	4.5530111
-28.3	4.5473336
-28.29	4.5416655
-28.28	4.5360069
-28.27	4.5303577
-28.26	4.5247181
-28.25	4.5190879
-28.24	4.5134671
-28.23	4.5078557
-28.22	4.5022538
-28.21	4.4966613
-28.2	4.4910782
-28.19	4.4855044
-28.18	4.4799401
-28.17	4.4743851
-28.16	4.4688394
-28.15	4.4633031
-28.14	4.4577761
-28.13	4.4522584
-28.12	4.4467501
-28.11	4.441251
-28.1	4.4357612
-28.09	4.4302807
-28.08	4.4248094
-28.07	4.4193474
-28.06	4.4138947
-28.05	4.4084511
-28.04	4.4030168
-28.03	4.3975917
-28.02	4.3921758
-28.01	4.3867691
-28	4.3813716
-27.99	4.3759832
-27.98	4.370604
-27.97	4.3652339
-27.96	4.359873
-27.95	4.3545212
-27.94	4.3491785
-27.93	4.3438449
-27.92	4.3385204
-27.91	4.3332049
-27.9	4.3278986
-27.89	4.3226013
-27.88	4.3173131
-27.87	4.3120339
-27.86	4.3067637
-27.85	4.3015026
-27.84	4.2962505
-27.83	4.2910073
-27.82	4.2857732
-27.81	4.2805481
-27.8	4.2753319
-27.79	4.2701247
-27.78	4.2649264
-27.77	4.2597371
-27.76	4.2545567
-27.75	4.2493853
-27.74	4.2442227
-27.73	4.2390691
-27.72	4.2339243
-27.71	4.2287884
-27.7	4.2236614
-27.69	4.2185433
-27.68	4.213434
-27.67	4.2083336
-27.66	4.203242
-27.65	4.1981593
-27.64	4.1930853
-27.63	4.1880202
-27.62	4.1829638
-27.61	4.1779163
-27.6	4.1728775
-27.59	4.1678475
-27.58	4.1628263
-27.57	4.1578138
-27.56	4.1528101
-27.55	4.147815
-27.54	4.1428288
-27.53	4.1378512
-27.52	4.1328823
-27.51	4.1279222
-27.5	4.1229707
-27.49	4.1180279
-27.48	4.1130938
-27.47	4.1081683
-27.46	4.1032515
-27.45	4.0983433
-27.44	4.0934438
-27.43	4.0885529
-27.42	4.0836706
-27.41	4.0787969
-27.4	4.0739319
-27.39	4.0690754
-27.38	4.0642275
-27.37	4.0593881
-27.36	4.0545574
-27.35	4.0497352
-27.34	4.0449215
-27.33	4.0401164
-27.32	4.0353198
-27.31	4.0305317
-27.3	4.0257522
-27.29	4.0209811
-27.28	4.0162186
-27.27	4.0114645
-27.26	4.0067189
-27.25	4.0019818
-27.24	3.9972531
-27.23	3.992533
-27.22	3.9878212
-27.21	3.9831179
-27.2	3.978423
-27.19	3.9737366
-27.18	3.9690585
-27.17	3.9643889
-27.16	3.9597277
-27.15	3.9550748
-27.14	3.9504303
-27.13	3.9457943
-27.12	3.9411665
-27.11	3.9365472
-27.1	3.9319361
-27.09	3.9273335
-27.08	3.9227391
-27.07	3.9181531
-27.06	3.9135754
-27.05	3.909006
-27.04	3.9044449
-27.03	3.8998921
-27.02	3.8953476
-27.01	3.8908114
-27	3.8862835
-26.99	3.8817638
-26.98	3.8772523
-26.97	3.8727491
-26.96	3.8682542
-26.95	3.8637675
-26.94	3.859289
-26.93	3.8548187
-26.92	3.8503567
-26.91	3.8459028
-26.9	3.8414572
-26.89	3.8370197
-26.88	3.8325904
-26.87	3.8281693
-26.86	3.8237563
-26.85	3.8193515
-26.84	3.8149549
-26.83	3.8105664
-26.82	3.806186
-26.81	3.8018138
-26.8	3.7974497
-26.79	3.7930937
-26.78	3.7887458
-26.77	3.784406
-26.76	3.7800743
-26.75	3.7757507
-26.74	3.7714351
-26.73	3.7671277
-26.72	3.7628283
-26.71	3.7585369
-26.7	3.7542536
-26.69	3.7499784
-26.68	3.7457112
-26.67	3.741452
-26.66	3.7372008
-26.65	3.7329577
-26.64	3.7287225
-26.63	3.7244954
-26.62	3.7202762
-26.61	3.7160651
-26.6	3.7118619
-26.59	3.7076667
-26.58	3.7034795
-26.57	3.6993002
-26.56	3.6951289
-26.55	3.6909655
-26.54	3.6868101
-26.53	3.6826626
-26.52	3.678523
-26.51	3.6743913
-26.5	3.6702676
-26.49	3.6661518
-26.48	3.6620438
-26.47	3.6579438
-26.46	3.6538517
-26.45	3.6497674
-26.44	3.645691
-26.43	3.6416225
-26.42	3.6375618
-26.41	3.633509
-26.4	3.629464
-26.39	3.6254269
-26.38	3.6213976
-26.37	3.6173762
-26.36	3.6133625
-26.35	3.6093567
-26.34	3.6053587
-26.33	3.6013685
-26.32	3.5973861
-26.31	3.5934115
-26.3	3.5894446
-26.29	3.5854856
-26.28	3.5815343
-26.27	3.5775908
-26.26	3.573655
-26.25	3.569727
-26.24	3.5658068
-26.23	3.5618943
-26.22	3.5579895
-26.21	3.5540925
-26.2	3.5502031
-26.19	3.5463215
-26.18	3.5424476
-26.17	3.5385814
-26.16	3.534723
-26.15	3.5308722
-26.14	3.5270291
-26.13	3.5231936
-26.12	3.5193659
-26.11	3.5155458
-26.1	3.5117334
-26.09	3.5079286
-26.08	3.5041315
-26.07	3.5003421
-26.06	3.4965602
-26.05	3.4927861
-26.04	3.4890195
-26.03	3.4852606
-26.02	3.4815093
-26.01	3.4777656
-26	3.4740295
-25.99	3.470301
-25.98	3.4665801
-25.97	3.4628668
-25.96	3.459161
-25.95	3.4554629
-25.94	3.4517723
-25.93	3.4480893
-25.92	3.4444138
-25.91	3.440746
-25.9	3.4370856
-25.89	3.4334328
-25.88	3.4297875
-25.87	3.4261498
-25.86	3.4225196
-25.85	3.4188969
-25.84	3.4152818
-25.83	3.4116741
-25.82	3.408074
-25.81	3.4044814
-25.8	3.4008962
-25.79	3.3973186
-25.78	3.3937484
-25.77	3.3901857
-25.76	3.3866305
-25.75	3.3830827
-25.74	3.3795424
-25.73	3.3760096
-25.72	3.3724842
-25.71	3.3689663
-25.7	3.3654558
-25.69	3.3619528
-25.68	3.3584572
-25.67	3.354969
-25.66	3.3514882
-25.65	3.3480149
-25.64	3.344549
-25.63	3.3410904
-25.62	3.3376393
-25.61	3.3341956
-25.6	3.3307593
-25.59	3.3273303
-25.58	3.3239087
-25.57	3.3204945
-25.56	3.3170877
-25.55	3.3136883
-25.54	3.3102962
-25.53	3.3069109
-25.52	3.3035284
-25.51	3.3001479
-25.5	3.2967693
-25.49	3.2933927
-25.48	3.290018
-25.47	3.2866453
-25.46	3.2832745
-25.45	3.2799058
-25.44	3.2765389
-25.43	3.2731741
-25.42	3.2698111
-25.41	3.2664502
-25.4	3.2630912
-25.39	3.2597341
-25.38	3.2563791
-25.37	3.2530259
-25.36	3.2496747
-25.35	3.2463255
-25.34	3.2429783
-25.33	3.2396329
-25.32	3.2362896
-25.31	3.2329482
-25.3	3.2296087
-25.29	3.2262712
-25.28	3.2229357
-25.27	3.2196021
-25.26	3.2162705
-25.25	3.2129408
-25.24	3.209613
-25.23	3.2062872
-25.22	3.2029634
-25.21	3.1996415
-25.2	3.1963216
-25.19	3.1930036
-25.18	3.1896875
-25.17	3.1863735
-25.16	3.1830613
-25.15	3.1797511
-25.14	3.1764429
-25.13	3.1731366
-25.12	3.1698322
-25.11	3.1665298
-25.1	3.1632294
-25.09	3.1599309
-25.08	3.1566343
-25.07	3.1533397
-25.06	3.150047
-25.05	3.1467563
-25.04	3.1434675
-25.03	3.1401806
-25.02	3.1368957
-25.01	3.1336128
-25	3.1303318
-24.99	3.1270527
-24.98	3.1237756
-24.97	3.1205004
-24.96	3.1172271
-24.95	3.1139558
-24.94	3.1106865
-24.93	3.1074191
-24.92	3.1041536
-24.91	3.10089
-24.9	3.0976284
-24.89	3.0943688
-24.88	3.0911111
-24.87	3.0878553
-24.86	3.0846014
-24.85	3.0813495
-24.84	3.0780996
-24.83	3.0748515
-24.82	3.0716054
-24.81	3.0683613
-24.8	3.0651191
-24.79	3.0618788
-24.78	3.0586404
-24.77	3.055404
-24.76	3.0521695
-24.75	3.048937
-24.74	3.0457064
-24.73	3.0424777
-24.72	3.039251
-24.71	3.0360262
-24.7	3.0328033
-24.69	3.0295823
-24.68	3.0263633
-24.67	3.0231463
-24.66	3.0199311
-24.65	3.0167179
-24.64	3.0135066
-24.63	3.0102973
-24.62	3.0070898
-24.61	3.0038843
-24.6	3.0006808
-24.59	2.9974792
-24.58	2.9942795
-24.57	2.9910817
-24.56	2.9878858
-24.55	2.9846919
-24.54	2.9814999
-24.53	2.9783099
-24.52	2.9751217
-24.51	2.9719355
-24.5	2.9687512
-24.49	2.9655689
-24.48	2.9623885
-24.47	2.95921
-24.46	2.9560334
-24.45	2.9528587
-24.44	2.949686
-24.43	2.9465152
-24.42	2.9433463
-24.41	2.9401794
-24.4	2.9370143
-24.39	2.9338512
-24.38	2.93069
-24.37	2.9275308
-24.36	2.9243734
-24.35	2.921218
-24.34	2.9180645
-24.33	2.914913
-24.32	2.9117633
-24.31	2.9086156
-24.3	2.9054697
-24.29	2.9023259
-24.28	2.8991839
-24.27	2.8960438
-24.26	2.8929057
-24.25	2.8897695
-24.24	2.8866352
-24.23	2.8835028
-24.22	2.8803723
-24.21	2.8772438
-24.2	2.8741171
-24.19	2.8709924
-24.18	2.8678696
-24.17	2.8647488
-24.16	2.8616298
-24.15	2.8585127
-24.14	2.8553976
-24.13	2.8522844
-24.12	2.8491731
-24.11	2.8460637
-24.1	2.8429562
-24.09	2.8398507
-24.08	2.836747
-24.07	2.8336453
-24.06	2.8305455
-24.05	2.8274475
-24.04	2.8243515
-24.03	2.8212575
-24.02	2.8181653
-24.01	2.815075
-24	2.8119867
-23.99	2.8089002
-23.98	2.8058157
-23.97	2.8027331
-23.96	2.7996524
-23.95	2.7965736
-23.94	2.7934967
-23.93	2.7904217
-23.92	2.7873486
-23.91	2.7842774
-23.9	2.7812082
-23.89	2.7781408
-23.88	2.7750754
-23.87	2.7720118
-23.86	2.7689502
-23.85	2.7658905
-23.84	2.7628326
-23.83	2.7597767
-23.82	2.7567227
-23.81	2.7536706
-23.8	2.7506204
-23.79	2.7475721
-23.78	2.7445257
-23.77	2.7414812
-23.76	2.7384387
-23.75	2.735398
-23.74	2.7323592
-23.73	2.7293223
-23.72	2.7262874
-23.71	2.7232543
-23.7	2.7202231
-23.69	2.7171938
-23.68	2.7141665
-23.67	2.711141
-23.66	2.7081174
-23.65	2.7050958
-23.64	2.702076
-23.63	2.6990581
-23.62	2.6960422
-23.61	2.6930281
-23.6	2.6900159
-23.59	2.6870057
-23.58	2.6839973
-23.57	2.6809908
-23.56	2.6779862
-23.55	2.6749836
-23.54	2.6719828
-23.53	2.6689839
-23.52	2.6659869
-23.51	2.6629918
-23.5	2.6599986
-23.49	2.6570073
-23.48	2.6540179
-23.47	2.6510304
-23.46	2.6480448
-23.45	2.6450611
-23.44	2.6420792
-23.43	2.6390993
-23.42	2.6361212
-23.41	2.6331451
-23.4	2.6301708
-23.39	2.6271985
-23.38	2.624228
-23.37	2.6212594
-23.36	2.6182927
-23.35	2.6153279
-23.34	2.612365
-23.33	2.609404
-23.32	2.6064449
-23.31	2.6034877
-23.3	2.6005323
-23.29	2.5975789
-23.28	2.5946273
-23.27	2.5916776
-23.26	2.5887298
-23.25	2.5857839
-23.24	2.5828399
-23.23	2.5798978
-23.22	2.5769575
-23.21	2.5740192
-23.2	2.5710827
-23.19	2.5681482
-23.18	2.5652155
-23.17	2.5622847
-23.16	2.5593558
-23.15	2.5564287
-23.14	2.5535036
-23.13	2.5505803
-23.12	2.5476589
-23.11	2.5447394
-23.1	2.5418218
-23.09	2.5389061
-23.08	2.5359923
-23.07	2.5330803
-23.06	2.5301702
-23.05	2.527262
-23.04	2.5243557
-23.03	2.5214513
-23.02	2.5185488
-23.01	2.5156481
-23	2.5127493
-22.99	2.5098524
-22.98	2.5069574
-22.97	2.5040642
-22.96	2.501173
-22.95	2.4982836
-22.94	2.4953961
-22.93	2.4925105
-22.92	2.4896267
-22.91	2.4867449
-22.9	2.4838649
-22.89	2.4809868
-22.88	2.4781105
-22.87	2.4752362
-22.86	2.4723637
-22.85	2.4694931
-22.84	2.4666244
-22.83	2.4637575
-22.82	2.4608926
-22.81	2.4580295
-22.8	2.4551683
-22.79	2.4523089
-22.78	2.4494515
-22.77	2.4465959
-22.76	2.4437421
-22.75	2.4408903
-22.74	2.4380403
-22.73	2.4351922
-22.72	2.432346
-22.71	2.4295017
-22.7	2.4266592
-22.69	2.4238186
-22.68	2.4209798
-22.67	2.418143
-22.66	2.415308
-22.65	2.4124749
-22.64	2.4096436
-22.63	2.4068143
-22.62	2.4039868
-22.61	2.4011611
-22.6	2.3983374
-22.59	2.3955155
-22.58	2.3926954
-22.57	2.3898773
-22.56	2.387061
-22.55	2.3842466
-22.54	2.381434
-22.53	2.3786233
-22.52	2.3758145
-22.51	2.3730076
-22.5	2.3702025
-22.49	2.3673993
-22.48	2.3645979
-22.47	2.3617985
-22.46	2.3590009
-22.45	2.3562051
-22.44	2.3534112
-22.43	2.3506192
-22.42	2.3478291
-22.41	2.3450408
-22.4	2.3422544
-22.39	2.3394698
-22.38	2.3366871
-22.37	2.3339063
-22.36	2.3311273
-22.35	2.3283502
-22.34	2.325575
-22.33	2.3228016
-22.32	2.3200301
-22.31	2.3172604
-22.3	2.3144927
-22.29	2.3117267
-22.28	2.3089627
-22.27	2.3062005
-22.26	2.3034401
-22.25	2.3006816
-22.24	2.297925
-22.23	2.2951702
-22.22	2.2924173
-22.21	2.2896663
-22.2	2.2869171
-22.19	2.2841698
-22.18	2.2814243
-22.17	2.2786807
-22.16	2.275939
-22.15	2.2731991
-22.14	2.270461
-22.13	2.2677249
-22.12	2.2649905
-22.11	2.2622581
-22.1	2.2595275
-22.09	2.2567987
-22.08	2.2540718
-22.07	2.2513468
-22.06	2.2486236
-22.05	2.2459023
-22.04	2.2431828
-22.03	2.2404652
-22.02	2.2377494
-22.01	2.2350355
-22	2.2323235
-21.99	2.2296133
-21.98	2.2269049
-21.97	2.2241984
-21.96	2.2214938
-21.95	2.218791
-21.94	2.2160901
-21.93	2.213391
-21.92	2.2106938
-21.91	2.2079984
-21.9	2.2053049
-21.89	2.2026132
-21.88	2.1999233
-21.87	2.1972354
-21.86	2.1945492
-21.85	2.191865
-21.84	2.1891825
-21.83	2.186502
-21.82	2.1838232
-21.81	2.1811464
-21.8	2.1784713
-21.79	2.1757982
-21.78	2.1731268
-21.77	2.1704574
-21.76	2.1677897
-21.75	2.1651239
-21.74	2.16246
-21.73	2.1597979
-21.72	2.1571376
-21.71	2.1544792
-21.7	2.1518227
-21.69	2.149168
-21.68	2.1465151
-21.67	2.1438641
-21.66	2.1412149
-21.65	2.1385676
-21.64	2.1359221
-21.63	2.1332785
-21.62	2.1306367
-21.61	2.1279968
-21.6	2.1253587
-21.59	2.1227224
-21.58	2.120088
-21.57	2.1174554
-21.56	2.1148247
-21.55	2.1121958
-21.54	2.1095687
-21.53	2.1069435
-21.52	2.1043202
-21.51	2.1016986
-21.5	2.099079
-21.49	2.0964611
-21.48	2.0938451
-21.47	2.091231
-21.46	2.0886186
-21.45	2.0860082
-21.44	2.0833995
-21.43	2.0807927
-21.42	2.0781878
-21.41	2.0755847
-21.4	2.0729834
-21.39	2.0703839
-21.38	2.0677863
-21.37	2.0651906
-21.36	2.0625966
-21.35	2.0600045
-21.34	2.0574143
-21.33	2.0548259
-21.32	2.0522393
-21.31	2.0496545
-21.3	2.0470716
-21.29	2.0444906
-21.28	2.0419113
-21.27	2.0393339
-21.26	2.0367584
-21.25	2.0341846
-21.24	2.0316127
-21.23	2.0290427
-21.22	2.0264745
-21.21	2.0239081
-21.2	2.0213435
-21.19	2.0187808
-21.18	2.0162199
-21.17	2.0136608
-21.16	2.0111036
-21.15	2.0085482
-21.14	2.0059947
-21.13	2.0034429
-21.12	2.000893
-21.11	1.998345
-21.1	1.9957988
-21.09	1.9932544
-21.08	1.9907118
-21.07	1.988171
-21.06	1.9856321
-21.05	1.9830951
-21.04	1.9805598
-21.03	1.9780264
-21.02	1.9754948
-21.01	1.972965
-21	1.9704371
-20.99	1.967911
-20.98	1.9653867
-20.97	1.9628643
-20.96	1.9603437
-20.95	1.9578249
-20.94	1.9553079
-20.93	1.9527928
-20.92	1.9502795
-20.91	1.947768
-20.9	1.9452584
-20.89	1.9427505
-20.88	1.9402445
-20.87	1.9377404
-20.86	1.935238
-20.85	1.9327375
-20.84	1.9302388
-20.83	1.9277419
-20.82	1.9252469
-20.81	1.9227537
-20.8	1.9202623
-20.79	1.9177727
-20.78	1.9152849
-20.77	1.912799
-20.76	1.9103149
-20.75	1.9078326
-20.74	1.9053522
-20.73	1.9028735
-20.72	1.9003967
-20.71	1.8979217
-20.7	1.8954486
-20.69	1.8929772
-20.68	1.8905077
-20.67	1.88804
-20.66	1.8855741
-20.65	1.88311
-20.64	1.8806478
-20.63	1.8781874
-20.62	1.8757288
-20.61	1.873272
-20.6	1.870817
-20.59	1.8683639
-20.58	1.8659126
-20.57	1.8634631
-20.56	1.8610154
-20.55	1.8585695
-20.54	1.8561255
-20.53	1.8536832
-20.52	1.8512428
-20.51	1.8488042
-20.5	1.8463675
-20.49	1.8439325
-20.48	1.8414994
-20.47	1.839068
-20.46	1.8366385
-20.45	1.8342108
-20.44	1.831785
-20.43	1.8293609
-20.42	1.8269387
-20.41	1.8245182
-20.4	1.8220996
-20.39	1.8196828
-20.38	1.8172678
-20.37	1.8148547
-20.36	1.8124433
-20.35	1.8100338
-20.34	1.807626
-20.33	1.8052201
-20.32	1.802816
-20.31	1.8004137
-20.3	1.7980133
-20.29	1.7956146
-20.28	1.7932177
-20.27	1.7908227
-20.26	1.7884295
-20.25	1.7860381
-20.24	1.7836485
-20.23	1.7812607
-20.22	1.7788747
-20.21	1.7764905
-20.2	1.7741082
-20.19	1.7717276
-20.18	1.7693489
-20.17	1.7669719
-20.16	1.7645968
-20.15	1.7622235
-20.14	1.759852
-20.13	1.7574823
-20.12	1.7551144
-20.11	1.7527484
-20.1	1.7503841
-20.09	1.7480216
-20.08	1.745661
-20.07	1.7433022
-20.06	1.7409451
-20.05	1.7385899
-20.04	1.7362365
-20.03	1.7338849
-20.02	1.7315351
-20.01	1.7291871
-20	1.7268409
-19.99	1.7244965
-19.98	1.7221539
-19.97	1.7198131
-19.96	1.7174742
-19.95	1.715137
-19.94	1.7128016
-19.93	1.7104681
-19.92	1.7081363
-19.91	1.7058064
-19.9	1.7034783
-19.89	1.7011519
-19.88	1.6988274
-19.87	1.6965047
-19.86	1.6941837
-19.85	1.6918646
-19.84	1.6895473
-19.83	1.6872318
-19.82	1.684918
-19.81	1.6826061
-19.8	1.680296
-19.79	1.6779877
-19.78	1.6756812
-19.77	1.6733765
-19.76	1.6710736
-19.75	1.6687725
-19.74	1.6664732
-19.73	1.6641757
-19.72	1.66188
-19.71	1.6595861
-19.7	1.657294
-19.69	1.6550037
-19.68	1.6527152
-19.67	1.6504284
-19.66	1.6481435
-19.65	1.6458604
-19.64	1.6435791
-19.63	1.6412996
-19.62	1.6390219
-19.61	1.636746
-19.6	1.6344719
-19.59	1.6321995
-19.58	1.629929
-19.57	1.6276603
-19.56	1.6253934
-19.55	1.6231282
-19.54	1.6208649
-19.53	1.6186034
-19.52	1.6163436
-19.51	1.6140857
-19.5	1.6118295
-19.49	1.6095752
-19.48	1.6073226
-19.47	1.6050718
-19.46	1.6028229
-19.45	1.6005757
-19.44	1.5983303
-19.43	1.5960867
-19.42	1.5938449
-19.41	1.5916049
-19.4	1.5893667
-19.39	1.5871303
-19.38	1.5848957
-19.37	1.5826629
-19.36	1.5804318
-19.35	1.5782026
-19.34	1.5759751
-19.33	1.5737495
-19.32	1.5715256
-19.31	1.5693035
-19.3	1.5670833
-19.29	1.5648648
-19.28	1.5626481
-19.27	1.5604332
-19.26	1.55822
-19.25	1.5560087
-19.24	1.5537992
-19.23	1.5515914
-19.22	1.5493855
-19.21	1.5471813
-19.2	1.5449789
-19.19	1.5427783
-19.18	1.5405795
-19.17	1.5383825
-19.16	1.5361873
-19.15	1.5339939
-19.14	1.5318022
-19.13	1.5296124
-19.12	1.5274243
-19.11	1.525238
-19.1	1.5230535
-19.09	1.5208708
-19.08	1.5186899
-19.07	1.5165107
-19.06	1.5143334
-19.05	1.5121578
-19.04	1.5099841
-19.03	1.5078121
-19.02	1.5056419
-19.01	1.5034735
-19	1.5013068
-18.99	1.499142
-18.98	1.4969789
-18.97	1.4948176
-18.96	1.4926582
-18.95	1.4905005
-18.94	1.4883445
-18.93	1.4861904
-18.92	1.484038
-18.91	1.4818875
-18.9	1.4797387
-18.89	1.4775917
-18.88	1.4754465
-18.87	1.473303
-18.86	1.4711614
-18.85	1.4690215
-18.84	1.4668834
-18.83	1.4647471
-18.82	1.4626126
-18.81	1.4604798
-18.8	1.4583489
-18.79	1.4562197
-18.78	1.4540923
-18.77	1.4519667
-18.76	1.4498428
-18.75	1.4477208
-18.74	1.4456005
-18.73	1.443482
-18.72	1.4413653
-18.71	1.4392503
-18.7	1.4371372
-18.69	1.4350258
-18.68	1.4329162
-18.67	1.4308084
-18.66	1.4287023
-18.65	1.4265981
-18.64	1.4244956
-18.63	1.4223949
-18.62	1.420296
-18.61	1.4181988
-18.6	1.4161034
-18.59	1.4140099
-18.58	1.411918
-18.57	1.409828
-18.56	1.4077397
-18.55	1.4056532
-18.54	1.4035685
-18.53	1.4014856
-18.52	1.3994045
-18.51	1.3973251
-18.5	1.3952475
-18.49	1.3931716
-18.48	1.3910976
-18.47	1.3890253
-18.46	1.3869548
-18.45	1.3848861
-18.44	1.3828191
-18.43	1.3807539
-18.42	1.3786905
-18.41	1.3766289
-18.4	1.374569
-18.39	1.372511
-18.38	1.3704547
-18.37	1.3684001
-18.36	1.3663474
-18.35	1.3642964
-18.34	1.3622471
-18.33	1.3601997
-18.32	1.358154
-18.31	1.3561101
-18.3	1.354068
-18.29	1.3520277
-18.28	1.3499891
-18.27	1.3479523
-18.26	1.3459172
-18.25	1.3438839
-18.24	1.3418524
-18.23	1.3398227
-18.22	1.3377948
-18.21	1.3357686
-18.2	1.3337442
-18.19	1.3317215
-18.18	1.3297006
-18.17	1.3276815
-18.16	1.3256642
-18.15	1.3236486
-18.14	1.3216348
-18.13	1.3196228
-18.12	1.3176125
-18.11	1.315604
-18.1	1.3135973
-18.09	1.3115924
-18.08	1.3095892
-18.07	1.3075878
-18.06	1.3055881
-18.05	1.3035902
-18.04	1.3015941
-18.03	1.2995997
-18.02	1.2976072
-18.01	1.2956163
-18	1.2936273
-17.99	1.29164
-17.98	1.2896545
-17.97	1.2876707
-17.96	1.2856888
-17.95	1.2837085
-17.94	1.2817301
-17.93	1.2797534
-17.92	1.2777785
-17.91	1.2758053
-17.9	1.2738339
-17.89	1.2718643
-17.88	1.2698964
-17.87	1.2679303
-17.86	1.265966
-17.85	1.2640034
-17.84	1.2620426
-17.83	1.2600836
-17.82	1.2581263
-17.81	1.2561708
-17.8	1.254217
-17.79	1.252265
-17.78	1.2503148
-17.77	1.2483663
-17.76	1.2464196
-17.75	1.2444747
-17.74	1.2425315
-17.73	1.2405901
-17.72	1.2386504
-17.71	1.2367125
-17.7	1.2347764
-17.69	1.232842
-17.68	1.2309094
-17.67	1.2289786
-17.66	1.2270495
-17.65	1.2251222
-17.64	1.2231966
-17.63	1.2212728
-17.62	1.2193507
-17.61	1.2174304
-17.6	1.2155119
-17.59	1.2135952
-17.58	1.2116801
-17.57	1.2097669
-17.56	1.2078554
-17.55	1.2059457
-17.54	1.2040377
-17.53	1.2021315
-17.52	1.200227
-17.51	1.1983243
-17.5	1.1964234
-17.49	1.1945242
-17.48	1.1926268
-17.47	1.1907311
-17.46	1.1888372
-17.45	1.186945
-17.44	1.1850546
-17.43	1.183166
-17.42	1.1812791
-17.41	1.179394
-17.4	1.1775106
-17.39	1.175629
-17.38	1.1737491
-17.37	1.171871
-17.36	1.1699947
-17.35	1.1681201
-17.34	1.1662472
-17.33	1.1643761
-17.32	1.1625068
-17.31	1.1606392
-17.3	1.1587734
-17.29	1.1569094
-17.28	1.155047
-17.27	1.1531865
-17.26	1.1513277
-17.25	1.1494706
-17.24	1.1476153
-17.23	1.1457618
-17.22	1.14391
-17.21	1.14206
-17.2	1.1402117
-17.19	1.1383652
-17.18	1.1365204
-17.17	1.1346774
-17.16	1.1328361
-17.15	1.1309966
-17.14	1.1291588
-17.13	1.1273228
-17.12	1.1254885
-17.11	1.123656
-17.1	1.1218252
-17.09	1.1199962
-17.08	1.1181689
-17.07	1.1163434
-17.06	1.1145197
-17.05	1.1126977
-17.04	1.1108774
-17.03	1.1090589
-17.02	1.1072421
-17.01	1.1054271
-17	1.1036139
-16.99	1.1018024
-16.98	1.0999926
-16.97	1.0981846
-16.96	1.0963783
-16.95	1.0945738
-16.94	1.092771
-16.93	1.09097
-16.92	1.0891708
-16.91	1.0873732
-16.9	1.0855775
-16.89	1.0837834
-16.88	1.0819912
-16.87	1.0802006
-16.86	1.0784118
-16.85	1.0766248
-16.84	1.0748395
-16.83	1.073056
-16.82	1.0712742
-16.81	1.0694941
-16.8	1.0677158
-16.79	1.0659393
-16.78	1.0641645
-16.77	1.0623914
-16.76	1.0606201
-16.75	1.0588505
-16.74	1.0570827
-16.73	1.0553166
-16.72	1.0535523
-16.71	1.0517897
-16.7	1.0500288
-16.69	1.0482697
-16.68	1.0465124
-16.67	1.0447568
-16.66	1.0430029
-16.65	1.0412508
-16.64	1.0395004
-16.63	1.0377518
-16.62	1.0360049
-16.61	1.0342597
-16.6	1.0325163
-16.59	1.0307746
-16.58	1.0290347
-16.57	1.0272965
-16.56	1.0255601
-16.55	1.0238254
-16.54	1.0220925
-16.53	1.0203613
-16.52	1.0186318
-16.51	1.0169041
-16.5	1.0151781
-16.49	1.0134539
-16.48	1.0117314
-16.47	1.0100106
-16.46	1.0082916
-16.45	1.0065743
-16.44	1.0048588
-16.43	1.003145
-16.42	1.0014329
-16.41	0.99972261
-16.4	0.99801404
-16.39	0.99630721
-16.38	0.99460212
-16.37	0.99289877
-16.36	0.99119715
-16.35	0.98949728
-16.34	0.98779915
-16.33	0.98610275
-16.32	0.9844081
-16.31	0.98271518
-16.3	0.981024
-16.29	0.97933456
-16.28	0.97764686
-16.27	0.9759609
-16.26	0.97427668
-16.25	0.97259419
-16.24	0.97091344
-16.23	0.96923443
-16.22	0.96755716
-16.21	0.96588162
-16.2	0.96420782
-16.19	0.96253576
-16.18	0.96086544
-16.17	0.95919685
-16.16	0.95753
-16.15	0.95586488
-16.14	0.95420151
-16.13	0.95253986
-16.12	0.95087996
-16.11	0.94922179
-16.1	0.94756536
-16.09	0.94591066
-16.08	0.94425769
-16.07	0.94260647
-16.06	0.94095698
-16.05	0.93930922
-16.04	0.9376632
-16.03	0.93601891
-16.02	0.93437636
-16.01	0.93273554
-16	0.93109645
-15.99	0.9294591
-15.98	0.92782349
-15.97	0.92618961
-15.96	0.92455746
-15.95	0.92292704
-15.94	0.92129836
-15.93	0.91967142
-15.92	0.9180462
-15.91	0.91642272
-15.9	0.91480097
-15.89	0.91318096
-15.88	0.91156268
-15.87	0.90994612
-15.86	0.90833131
-15.85	0.90671822
-15.84	0.90510687
-15.83	0.90349725
-15.82	0.90188936
-15.81	0.9002832
-15.8	0.89867877
-15.79	0.89707608
-15.78	0.89547511
-15.77	0.89387588
-15.76	0.89227838
-15.75	0.8906826
-15.74	0.88908856
-15.73	0.88749625
-15.72	0.88590567
-15.71	0.88431682
-15.7	0.8827297
-15.69	0.88114431
-15.68	0.87956066
-15.67	0.87797873
-15.66	0.87639852
-15.65	0.87482005
-15.64	0.87324331
-15.63	0.8716683
-15.62	0.87009502
-15.61	0.86852346
-15.6	0.86695363
-15.59	0.86538554
-15.58	0.86381917
-15.57	0.86225453
-15.56	0.86069162
-15.55	0.85913043
-15.54	0.85757097
-15.53	0.85601325
-15.52	0.85445724
-15.51	0.85290297
-15.5	0.85135042
-15.49	0.8497996
-15.48	0.84825051
-15.47	0.84670315
-15.46	0.84515751
-15.45	0.8436136
-15.44	0.84207141
-15.43	0.84053095
-15.42	0.83899222
-15.41	0.83745522
-15.4	0.83591994
-15.39	0.83438638
-15.38	0.83285455
-15.37	0.83132445
-15.36	0.82979607
-15.35	0.82826942
-15.34	0.82674449
-15.33	0.82522129
-15.32	0.82369981
-15.31	0.82218006
-15.3	0.82066203
-15.29	0.81914573
-15.28	0.81763115
-15.27	0.8161183
-15.26	0.81460717
-15.25	0.81309776
-15.24	0.81159008
-15.23	0.81008412
-15.22	0.80857989
-15.21	0.80707737
-15.2	0.80557659
-15.19	0.80407752
-15.18	0.80258018
-15.17	0.80108456
-15.16	0.79959067
-15.15	0.79809849
-15.14	0.79660804
-15.13	0.79511931
-15.12	0.79363231
-15.11	0.79214702
-15.1	0.79066346
-15.09	0.78918162
-15.08	0.7877015
-15.07	0.78622311
-15.06	0.78474643
-15.05	0.78327148
-15.04	0.78179825
-15.03	0.78032674
-15.02	0.77885695
-15.01	0.77738888
-15	0.77592253
-14.99	0.7744579
-14.98	0.772995
-14.97	0.77153381
-14.96	0.77007434
-14.95	0.7686166
-14.94	0.76716057
-14.93	0.76570627
-14.92	0.76425368
-14.91	0.76280281
-14.9	0.76135366
-14.89	0.75990624
-14.88	0.75846053
-14.87	0.75701654
-14.86	0.75557427
-14.85	0.75413372
-14.84	0.75269488
-14.83	0.75125777
-14.82	0.74982237
-14.81	0.74838869
-14.8	0.74695674
-14.79	0.74552649
-14.78	0.74409797
-14.77	0.74267117
-14.76	0.74124608
-14.75	0.73982271
-14.74	0.73840106
-14.73	0.73698112
-14.72	0.7355629
-14.71	0.7341464
-14.7	0.73273162
-14.69	0.73131855
-14.68	0.7299072
-14.67	0.72849757
-14.66	0.72708965
-14.65	0.72568345
-14.64	0.72427897
-14.63	0.7228762
-14.62	0.72147515
-14.61	0.72007581
-14.6	0.71867819
-14.59	0.71728229
-14.58	0.7158881
-14.57	0.71449563
-14.56	0.71310487
-14.55	0.71171583
-14.54	0.7103285
-14.53	0.70894289
-14.52	0.70755899
-14.51	0.7061768
-14.5	0.70479634
-14.49	0.70341758
-14.48	0.70204054
-14.47	0.70066522
-14.46	0.6992916
-14.45	0.69791971
-14.44	0.69654952
-14.43	0.69518105
-14.42	0.6938143
-14.41	0.69244925
-14.4	0.69108593
-14.39	0.68972431
-14.38	0.68836441
-14.37	0.68700622
-14.36	0.68564974
-14.35	0.68429498
-14.34	0.68294192
-14.33	0.68159059
-14.32	0.68024096
-14.31	0.67889305
-14.3	0.67754684
-14.29	0.67620235
-14.28	0.67485958
-14.27	0.67351851
-14.26	0.67217916
-14.25	0.67084152
-14.24	0.66950558
-14.23	0.66817137
-14.22	0.66683886
-14.21	0.66550806
-14.2	0.66417898
-14.19	0.6628516
-14.18	0.66152594
-14.17	0.66020198
-14.16	0.65887974
-14.15	0.65755921
-14.14	0.65624039
-14.13	0.65492328
-14.12	0.65360787
-14.11	0.65229418
-14.1	0.6509822
-14.09	0.64967193
-14.08	0.64836337
-14.07	0.64705652
-14.06	0.64575138
-14.05	0.64444794
-14.04	0.64314622
-14.03	0.6418462
-14.02	0.6405479
-14.01	0.6392513
-14	0.63795641
-13.99	0.63666323
-13.98	0.63537176
-13.97	0.634082
-13.96	0.63279395
-13.95	0.6315076
-13.94	0.63022296
-13.93	0.62894003
-13.92	0.62765881
-13.91	0.6263793
-13.9	0.62510149
-13.89	0.6238254
-13.88	0.622551
-13.87	0.62127832
-13.86	0.62000735
-13.85	0.61873808
-13.84	0.61747051
-13.83	0.61620466
-13.82	0.61494051
-13.81	0.61367807
-13.8	0.61241733
-13.79	0.61115831
-13.78	0.60990098
-13.77	0.60864537
-13.76	0.60739146
-13.75	0.60613926
-13.74	0.60488876
-13.73	0.60363997
-13.72	0.60239288
-13.71	0.6011475
-13.7	0.59990383
-13.69	0.59866186
-13.68	0.59742159
-13.67	0.59618303
-13.66	0.59494618
-13.65	0.59371103
-13.64	0.59247759
-13.63	0.59124585
-13.62	0.59001582
-13.61	0.58878749
-13.6	0.58756086
-13.59	0.58633594
-13.58	0.58511272
-13.57	0.58389121
-13.56	0.5826714
-13.55	0.5814533
-13.54	0.5802369
-13.53	0.5790222
-13.52	0.57780921
-13.51	0.57659792
-13.5	0.57538833
-13.49	0.57418045
-13.48	0.57297427
-13.47	0.57176979
-13.46	0.57056702
-13.45	0.56936595
-13.44	0.56816658
-13.43	0.56696892
-13.42	0.56577295
-13.41	0.5645787
-13.4	0.56338614
-13.39	0.56219528
-13.38	0.56100613
-13.37	0.55981868
-13.36	0.55863293
-13.35	0.55744888
-13.34	0.55626654
-13.33	0.55508589
-13.32	0.55390695
-13.31	0.55272971
-13.3	0.55155417
-13.29	0.55038033
-13.28	0.5492082
-13.27	0.54803776
-13.26	0.54686903
-13.25	0.54570199
-13.24	0.54453666
-13.23	0.54337303
-13.22	0.5422111
-13.21	0.54105087
-13.2	0.53989233
-13.19	0.5387355
-13.18	0.53758037
-13.17	0.53642694
-13.16	0.53527521
-13.15	0.53412518
-13.14	0.53297685
-13.13	0.53183022
-13.12	0.53068529
-13.11	0.52954206
-13.1	0.52840053
-13.09	0.52726069
-13.08	0.52612256
-13.07	0.52498612
-13.06	0.52385139
-13.05	0.52271835
-13.04	0.52158701
-13.03	0.52045737
-13.02	0.51932943
-13.01	0.51820319
-13	0.51707865
-12.99	0.5159558
-12.98	0.51483466
-12.97	0.51371521
-12.96	0.51259746
-12.95	0.5114814
-12.94	0.51036705
-12.93	0.50925439
-12.92	0.50814343
-12.91	0.50703417
-12.9	0.5059266
-12.89	0.50482074
-12.88	0.50371657
-12.87	0.50261409
-12.86	0.50151332
-12.85	0.50041424
-12.84	0.49931686
-12.83	0.49822117
-12.82	0.49712718
-12.81	0.49603489
-12.8	0.4949443
-12.79	0.4938554
-12.78	0.49276819
-12.77	0.49168269
-12.76	0.49059888
-12.75	0.48951677
-12.74	0.48843635
-12.73	0.48735763
-12.72	0.4862806
-12.71	0.48520527
-12.7	0.48413163
-12.69	0.48305969
-12.68	0.48198945
-12.67	0.4809209
-12.66	0.47985405
-12.65	0.47878889
-12.64	0.47772543
-12.63	0.47666366
-12.62	0.47560359
-12.61	0.47454521
-12.6	0.47348852
-12.59	0.47243353
-12.58	0.47138024
-12.57	0.47032864
-12.56	0.46927873
-12.55	0.46823052
-12.54	0.467184
-12.53	0.46613918
-12.52	0.46509605
-12.51	0.46405462
-12.5	0.46301488
-12.49	0.46197683
-12.48	0.46094047
-12.47	0.45990581
-12.46	0.45887284
-12.45	0.45784157
-12.44	0.45681199
-12.43	0.4557841
-12.42	0.45475791
-12.41	0.45373341
-12.4	0.4527106
-12.39	0.45168948
-12.38	0.45067006
-12.37	0.44965233
-12.36	0.44863629
-12.35	0.44762195
-12.34	0.4466093
-12.33	0.44559834
-12.32	0.44458907
-12.31	0.44358149
-12.3	0.44257561
-12.29	0.44157142
-12.28	0.44056892
-12.27	0.43956811
-12.26	0.43856899
-12.25	0.43757157
-12.24	0.43657583
-12.23	0.43558179
-12.22	0.43458944
-12.21	0.43359878
-12.2	0.43260981
-12.19	0.43162254
-12.18	0.43063695
-12.17	0.42965306
-12.16	0.42867085
-12.15	0.42769034
-12.14	0.42671152
-12.13	0.42573439
-12.12	0.42475895
-12.11	0.42378519
-12.1	0.42281313
-12.09	0.42184276
-12.08	0.42087409
-12.07	0.4199071
-12.06	0.4189418
-12.05	0.41797819
-12.04	0.41701627
-12.03	0.41605604
-12.02	0.4150975
-12.01	0.41414065
-12	0.41318549
-11.99	0.41223201
-11.98	0.41128023
-11.97	0.41033014
-11.96	0.40938174
-11.95	0.40843502
-11.94	0.40749
-11.93	0.40654666
-11.92	0.40560501
-11.91	0.40466506
-11.9	0.40372679
-11.89	0.4027902
-11.88	0.40185531
-11.87	0.40092211
-11.86	0.39999059
-11.85	0.39906077
-11.84	0.39813263
-11.83	0.39720618
-11.82	0.39628141
-11.81	0.39535834
-11.8	0.39443695
-11.79	0.39351726
-11.78	0.39259924
-11.77	0.39168292
-11.76	0.39076829
-11.75	0.38985534
-11.74	0.38894408
-11.73	0.38803451
-11.72	0.38712662
-11.71	0.38622042
-11.7	0.38531591
-11.69	0.38441309
-11.68	0.38351195
-11.67	0.3826125
-11.66	0.38171474
-11.65	0.38081866
-11.64	0.37992427
-11.63	0.37903157
-11.62	0.37814055
-11.61	0.37725123
-11.6	0.37636358
-11.59	0.37547763
-11.58	0.37459336
-11.57	0.37371077
-11.56	0.37282987
-11.55	0.37195066
-11.54	0.37107314
-11.53	0.37019729
-11.52	0.36932314
-11.51	0.36845067
-11.5	0.36757989
-11.49	0.36671079
-11.48	0.36584338
-11.47	0.36497765
-11.46	0.36411361
-11.45	0.36325126
-11.44	0.36239059
-11.43	0.3615316
-11.42	0.3606743
-11.41	0.35981869
-11.4	0.35896476
-11.39	0.35811251
-11.38	0.35726195
-11.37	0.35641308
-11.36	0.35556589
-11.35	0.35472038
-11.34	0.35387656
-11.33	0.35303442
-11.32	0.35219397
-11.31	0.3513552
-11.3	0.35051812
-11.29	0.34968272
-11.28	0.348849
-11.27	0.34801697
-11.26	0.34718662
-11.25	0.34635796
-11.24	0.34553098
-11.23	0.34470568
-11.22	0.34388207
-11.21	0.34306014
-11.2	0.3422399
-11.19	0.34142133
-11.18	0.34060445
-11.17	0.33978926
-11.16	0.33897575
-11.15	0.33816392
-11.14	0.33735377
-11.13	0.33654531
-11.12	0.33573853
-11.11	0.33493343
-11.1	0.33413002
-11.09	0.33332829
-11.08	0.33252824
-11.07	0.33172988
-11.06	0.33093319
-11.05	0.33013819
-11.04	0.32934487
-11.03	0.32855324
-11.02	0.32776329
-11.01	0.32697501
-11	0.32618843
-10.99	0.32540352
-10.98	0.32462029
-10.97	0.32383875
-10.96	0.32305889
-10.95	0.32228071
-10.94	0.32150422
-10.93	0.3207294
-10.92	0.31995627
-10.91	0.31918481
-10.9	0.31841504
-10.89	0.31764695
-10.88	0.31688055
-10.87	0.31611582
-10.86	0.31535278
-10.85	0.31459141
-10.84	0.31383173
-10.83	0.31307373
-10.82	0.31231741
-10.81	0.31156277
-10.8	0.31080981
-10.79	0.31005853
-10.78	0.30930893
-10.77	0.30856102
-10.76	0.30781478
-10.75	0.30707023
-10.74	0.30632735
-10.73	0.30558616
-10.72	0.30484664
-10.71	0.30410881
-10.7	0.30337266
-10.69	0.30263818
-10.68	0.30190539
-10.67	0.30117428
-10.66	0.30044484
-10.65	0.29971709
-10.64	0.29899102
-10.63	0.29826663
-10.62	0.29754391
-10.61	0.29682288
-10.6	0.29610352
-10.59	0.29538585
-10.58	0.29466985
-10.57	0.29395554
-10.56	0.2932429
-10.55	0.29253195
-10.54	0.29182267
-10.53	0.29111507
-10.52	0.29040915
-10.51	0.28970491
-10.5	0.28900235
-10.49	0.28830147
-10.48	0.28760227
-10.47	0.28690474
-10.46	0.2862089
-10.45	0.28551473
-10.44	0.28482224
-10.43	0.28413143
-10.42	0.2834423
-10.41	0.28275485
-10.4	0.28206908
-10.39	0.28138498
-10.38	0.28070257
-10.37	0.28002183
-10.36	0.27934277
-10.35	0.27866539
-10.34	0.27798968
-10.33	0.27731566
-10.32	0.27664331
-10.31	0.27597264
-10.3	0.27530365
-10.29	0.27463633
-10.28	0.27397069
-10.27	0.27330674
-10.26	0.27264446
-10.25	0.27198385
-10.24	0.27132493
-10.23	0.27066768
-10.22	0.27001211
-10.21	0.26935821
-10.2	0.268706
-10.19	0.26805546
-10.18	0.2674066
-10.17	0.26675941
-10.16	0.2661139
-10.15	0.26547007
-10.14	0.26482792
-10.13	0.26418744
-10.12	0.26354865
-10.11	0.26291152
-10.1	0.26227608
-10.09	0.26164231
-10.08	0.26101022
-10.07	0.2603798
-10.06	0.25975106
-10.05	0.259124
-10.04	0.25849861
-10.03	0.2578749
-10.02	0.25725287
-10.01	0.25663251
-10	0.25601383
-9.99	0.25539683
-9.98	0.2547815
-9.97	0.25416785
-9.96	0.25355587
-9.95	0.25294557
-9.94	0.25233695
-9.93	0.25173
-9.92	0.25112473
-9.91	0.25052113
-9.9	0.24991921
-9.89	0.24931896
-9.88	0.24872039
-9.87	0.2481235
-9.86	0.24752828
-9.85	0.24693474
-9.84	0.24634287
-9.83	0.24575268
-9.82	0.24516416
-9.81	0.24457732
-9.8	0.24399216
-9.79	0.24340867
-9.78	0.24282685
-9.77	0.24224671
-9.76	0.24166824
-9.75	0.24109145
-9.74	0.24051634
-9.73	0.2399429
-9.72	0.23937113
-9.71	0.23880104
-9.7	0.23823263
-9.69	0.23766588
-9.68	0.23710082
-9.67	0.23653743
-9.66	0.23597571
-9.65	0.23541567
-9.64	0.2348573
-9.63	0.2343006
-9.62	0.23374558
-9.61	0.23319224
-9.6	0.23264057
-9.59	0.23209057
-9.58	0.23154225
-9.57	0.2309956
-9.56	0.23045063
-9.55	0.22990733
-9.54	0.2293657
-9.53	0.22882575
-9.52	0.22828747
-9.51	0.22775087
-9.5	0.22721593
-9.49	0.22668268
-9.48	0.2261511
-9.47	0.22562119
-9.46	0.22509295
-9.45	0.22456639
-9.44	0.2240415
-9.43	0.22351829
-9.42	0.22299675
-9.41	0.22247688
-9.4	0.22195868
-9.39	0.22144216
-9.38	0.22092731
-9.37	0.22041414
-9.36	0.21990264
-9.35	0.21939281
-9.34	0.21888466
-9.33	0.21837817
-9.32	0.21787337
-9.31	0.21737023
-9.3	0.21686877
-9.29	0.21636898
-9.28	0.21587086
-9.27	0.21537442
-9.26	0.21487965
-9.25	0.21438655
-9.24	0.21389512
-9.23	0.21340537
-9.22	0.21291729
-9.21	0.21243088
-9.2	0.21194615
-9.19	0.21146308
-9.18	0.21098169
-9.17	0.21050198
-9.16	0.21002393
-9.15	0.20954756
-9.14	0.20907286
-9.13	0.20859983
-9.12	0.20812847
-9.11	0.20765879
-9.1	0.20719078
-9.09	0.20672444
-9.08	0.20625977
-9.07	0.20579677
-9.06	0.20533545
-9.05	0.2048758
-9.04	0.20441782
-9.03	0.20396151
-9.02	0.20350688
-9.01	0.20305391
-9	0.20260262
-8.99	0.20215241
-8.98	0.20170271
-8.97	0.20125351
-8.96	0.20080481
-8.95	0.20035661
-8.94	0.19990891
-8.93	0.19946171
-8.92	0.19901502
-8.91	0.19856882
-8.9	0.19812313
-8.89	0.19767794
-8.88	0.19723325
-8.87	0.19678906
-8.86	0.19634538
-8.85	0.19590219
-8.84	0.19545951
-8.83	0.19501733
-8.82	0.19457565
-8.81	0.19413447
-8.8	0.19369379
-8.79	0.19325362
-8.78	0.19281394
-8.77	0.19237477
-8.76	0.1919361
-8.75	0.19149793
-8.74	0.19106026
-8.73	0.19062309
-8.72	0.19018643
-8.71	0.18975026
-8.7	0.1893146
-8.69	0.18887944
-8.68	0.18844478
-8.67	0.18801062
-8.66	0.18757696
-8.65	0.18714381
-8.64	0.18671115
-8.63	0.186279
-8.62	0.18584735
-8.61	0.1854162
-8.6	0.18498555
-8.59	0.1845554
-8.58	0.18412576
-8.57	0.18369661
-8.56	0.18326797
-8.55	0.18283983
-8.54	0.18241219
-8.53	0.18198505
-8.52	0.18155841
-8.51	0.18113227
-8.5	0.18070664
-8.49	0.1802815
-8.48	0.17985687
-8.47	0.17943274
-8.46	0.17900911
-8.45	0.17858598
-8.44	0.17816336
-8.43	0.17774123
-8.42	0.17731961
-8.41	0.17689848
-8.4	0.17647786
-8.39	0.17605774
-8.38	0.17563812
-8.37	0.175219
-8.36	0.17480039
-8.35	0.17438227
-8.34	0.17396466
-8.33	0.17354755
-8.32	0.17313094
-8.31	0.17271483
-8.3	0.17229922
-8.29	0.17188411
-8.28	0.1714695
-8.27	0.1710554
-8.26	0.1706418
-8.25	0.17022869
-8.24	0.16981609
-8.23	0.16940399
-8.22	0.1689924
-8.21	0.1685813
-8.2	0.1681707
-8.19	0.16776061
-8.18	0.16735102
-8.17	0.16694192
-8.16	0.16653333
-8.15	0.16612524
-8.14	0.16571766
-8.13	0.16531057
-8.12	0.16490398
-8.11	0.1644979
-8.1	0.16409232
-8.09	0.16368723
-8.08	0.16328265
-8.07	0.16287857
-8.06	0.162475
-8.05	0.16207192
-8.04	0.16166934
-8.03	0.16126727
-8.02	0.16086569
-8.01	0.16046462
-8	0.16006405
-7.99	0.15966398
-7.98	0.15926441
-7.97	0.15886535
-7.96	0.15846678
-7.95	0.15806871
-7.94	0.15767115
-7.93	0.15727409
-7.92	0.15687753
-7.91	0.15648147
-7.9	0.15608591
-7.89	0.15569085
-7.88	0.15529629
-7.87	0.15490224
-7.86	0.15450868
-7.85	0.15411563
-7.84	0.15372308
-7.83	0.15333103
-7.82	0.15293948
-7.81	0.15254843
-7.8	0.15215788
-7.79	0.15176783
-7.78	0.15137829
-7.77	0.15098924
-7.76	0.1506007
-7.75	0.15021266
-7.74	0.14982512
-7.73	0.14943808
-7.72	0.14905154
-7.71	0.1486655
-7.7	0.14827997
-7.69	0.14789493
-7.68	0.1475104
-7.67	0.14712637
-7.66	0.14674283
-7.65	0.1463598
-7.64	0.14597727
-7.63	0.14559524
-7.62	0.14521372
-7.61	0.14483269
-7.6	0.14445217
-7.59	0.14407214
-7.58	0.14369262
-7.57	0.1433136
-7.56	0.14293508
-7.55	0.14255706
-7.54	0.14217954
-7.53	0.14180252
-7.52	0.141426
-7.51	0.14104999
-7.5	0.14067447
-7.49	0.14029946
-7.48	0.13992495
-7.47	0.13955094
-7.46	0.13917743
-7.45	0.13880442
-7.44	0.13843191
-7.43	0.1380599
-7.42	0.1376884
-7.41	0.13731739
-7.4	0.13694689
-7.39	0.13657688
-7.38	0.13620738
-7.37	0.13583838
-7.36	0.13546988
-7.35	0.13510188
-7.34	0.13473438
-7.33	0.13436739
-7.32	0.13400089
-7.31	0.1336349
-7.3	0.1332694
-7.29	0.13290441
-7.28	0.13253992
-7.27	0.13217593
-7.26	0.13181244
-7.25	0.13144945
-7.24	0.13108696
-7.23	0.13072497
-7.22	0.13036349
-7.21	0.1300025
-7.2	0.12964202
-7.19	0.12928203
-7.18	0.12892255
-7.17	0.12856357
-7.16	0.12820509
-7.15	0.12784711
-7.14	0.12748963
-7.13	0.12713266
-7.12	0.12677618
-7.11	0.12642021
-7.1	0.12606473
-7.09	0.12570976
-7.08	0.12535528
-7.07	0.12500131
-7.06	0.12464784
-7.05	0.12429487
-7.04	0.1239424
-7.03	0.12359044
-7.02	0.12323897
-7.01	0.122888
-7	0.12253754
-6.99	0.12218757
-6.98	0.12183811
-6.97	0.12148915
-6.96	0.12114069
-6.95	0.12079273
-6.94	0.12044527
-6.93	0.12009831
-6.92	0.11975185
-6.91	0.11940589
-6.9	0.11906044
-6.89	0.11871548
-6.88	0.11837103
-6.87	0.11802708
-6.86	0.11768362
-6.85	0.11734067
-6.84	0.11699822
-6.83	0.11665627
-6.82	0.11631482
-6.81	0.11597387
-6.8	0.11563343
-6.79	0.11529348
-6.78	0.11495404
-6.77	0.11461509
-6.76	0.11427665
-6.75	0.11393871
-6.74	0.11360126
-6.73	0.11326432
-6.72	0.11292788
-6.71	0.11259194
-6.7	0.1122565
-6.69	0.11192157
-6.68	0.11158713
-6.67	0.11125319
-6.66	0.11091976
-6.65	0.11058682
-6.64	0.11025439
-6.63	0.10992246
-6.62	0.10959103
-6.61	0.10926009
-6.6	0.10892966
-6.59	0.10859973
-6.58	0.10827031
-6.57	0.10794138
-6.56	0.10761295
-6.55	0.10728503
-6.54	0.1069576
-6.53	0.10663068
-6.52	0.10630425
-6.51	0.10597833
-6.5	0.10565291
-6.49	0.10532798
-6.48	0.10500356
-6.47	0.10467964
-6.46	0.10435623
-6.45	0.10403331
-6.44	0.10371089
-6.43	0.10338897
-6.42	0.10306756
-6.41	0.10274664
-6.4	0.10242623
-6.39	0.10210631
-6.38	0.1017869
-6.37	0.10146799
-6.36	0.10114958
-6.35	0.10083167
-6.34	0.10051426
-6.33	0.10019735
-6.32	0.099880941
-6.31	0.099565033
-6.3	0.099249626
-6.29	0.09893472
-6.28	0.098620315
-6.27	0.09830641
-6.26	0.097993007
-6.25	0.097680104
-6.24	0.097367701
-6.23	0.0970558
-6.22	0.096744399
-6.21	0.096433499
-6.2	0.096123099
-6.19	0.0958132
-6.18	0.095503802
-6.17	0.095194905
-6.16	0.094886509
-6.15	0.094578613
-6.14	0.094271218
-6.13	0.093964323
-6.12	0.09365793
-6.11	0.093352037
-6.1	0.093046644
-6.09	0.092741753
-6.08	0.092437362
-6.07	0.092133471
-6.06	0.091830082
-6.05	0.091527193
-6.04	0.091224805
-6.03	0.090922917
-6.02	0.090621531
-6.01	0.090320645
-6	0.090020259
-5.99	0.089720374
-5.98	0.08942099
-5.97	0.089122107
-5.96	0.088823724
-5.95	0.088525842
-5.94	0.088228461
-5.93	0.08793158
-5.92	0.0876352
-5.91	0.08733932
-5.9	0.087043942
-5.89	0.086749064
-5.88	0.086454686
-5.87	0.086160809
-5.86	0.085867433
-5.85	0.085574558
-5.84	0.085282183
-5.83	0.084990308
-5.82	0.084698935
-5.81	0.084408062
-5.8	0.084117689
-5.79	0.083827818
-5.78	0.083538447
-5.77	0.083249576
-5.76	0.082961206
-5.75	0.082673337
-5.74	0.082385969
-5.73	0.082099101
-5.72	0.081812733
-5.71	0.081526867
-5.7	0.0812415
-5.69	0.080956635
-5.68	0.08067227
-5.67	0.080388406
-5.66	0.080105042
-5.65	0.079822179
-5.64	0.079539816
-5.63	0.079257955
-5.62	0.078976593
-5.61	0.078695733
-5.6	0.078415372
-5.59	0.078135513
-5.58	0.077856154
-5.57	0.077577296
-5.56	0.077298938
-5.55	0.077021081
-5.54	0.076743724
-5.53	0.076466868
-5.52	0.076190512
-5.51	0.075914658
-5.5	0.075639303
-5.49	0.07536445
-5.48	0.075090096
-5.47	0.074816244
-5.46	0.074542892
-5.45	0.07427004
-5.44	0.073997689
-5.43	0.073725839
-5.42	0.073454489
-5.41	0.07318364
-5.4	0.072913291
-5.39	0.072643443
-5.38	0.072374095
-5.37	0.072105248
-5.36	0.071836901
-5.35	0.071569055
-5.34	0.07130171
-5.33	0.071034865
-5.32	0.07076852
-5.31	0.070502677
-5.3	0.070237333
-5.29	0.06997249
-5.28	0.069708148
-5.27	0.069444306
-5.26	0.069180965
-5.25	0.068918124
-5.24	0.068655784
-5.23	0.068393944
-5.22	0.068132605
-5.21	0.067871766
-5.2	0.067611428
-5.19	0.067351591
-5.18	0.067092253
-5.17	0.066833417
-5.16	0.066575081
-5.15	0.066317245
-5.14	0.06605991
-5.13	0.065803075
-5.12	0.065546741
-5.11	0.065290907
-5.1	0.065035574
-5.09	0.064780741
-5.08	0.064526409
-5.07	0.064272577
-5.06	0.064019246
-5.05	0.063766415
-5.04	0.063514085
-5.03	0.063262255
-5.02	0.063010926
-5.01	0.062760097
-5	0.062509769
-4.99	0.062259941
-4.98	0.062010613
-4.97	0.061761786
-4.96	0.06151346
-4.95	0.061265634
-4.94	0.061018308
-4.93	0.060771483
-4.92	0.060525158
-4.91	0.060279334
-4.9	0.06003401
-4.89	0.059789187
-4.88	0.059544864
-4.87	0.059301042
-4.86	0.05905772
-4.85	0.058814898
-4.84	0.058572577
-4.83	0.058330756
-4.82	0.058089436
-4.81	0.057848616
-4.8	0.057608297
-4.79	0.057368478
-4.78	0.057129159
-4.77	0.056890341
-4.76	0.056652024
-4.75	0.056414206
-4.74	0.05617689
-4.73	0.055940073
-4.72	0.055703757
-4.71	0.055467942
-4.7	0.055232627
-4.69	0.054997812
-4.68	0.054763498
-4.67	0.054529684
-4.66	0.05429637
-4.65	0.054063557
-4.64	0.053831245
-4.63	0.053599432
-4.62	0.05336812
-4.61	0.053137309
-4.6	0.052906998
-4.59	0.052677187
-4.58	0.052447877
-4.57	0.052219067
-4.56	0.051990758
-4.55	0.051762949
-4.54	0.05153564
-4.53	0.051308831
-4.52	0.051082524
-4.51	0.050856716
-4.5	0.050631409
-4.49	0.050406602
-4.48	0.050182296
-4.47	0.04995849
-4.46	0.049735184
-4.45	0.049512379
-4.44	0.049290074
-4.43	0.049068269
-4.42	0.048846965
-4.41	0.048626161
-4.4	0.048405858
-4.39	0.048186055
-4.38	0.047966752
-4.37	0.04774795
-4.36	0.047529648
-4.35	0.047311846
-4.34	0.047094545
-4.33	0.046877744
-4.32	0.046661443
-4.31	0.046445643
-4.3	0.046230343
-4.29	0.046015544
-4.28	0.045801244
-4.27	0.045587446
-4.26	0.045374147
-4.25	0.045161349
-4.24	0.044949051
-4.23	0.044737254
-4.22	0.044525956
-4.21	0.04431516
-4.2	0.044104863
-4.19	0.043895067
-4.18	0.043685771
-4.17	0.043476976
-4.16	0.04326868
-4.15	0.043060886
-4.14	0.042853591
-4.13	0.042646797
-4.12	0.042440503
-4.11	0.042234709
-4.1	0.042029416
-4.09	0.041824623
-4.08	0.041620331
-4.07	0.041416538
-4.06	0.041213246
-4.05	0.041010455
-4.04	0.040808163
-4.03	0.040606372
-4.02	0.040405081
-4.01	0.040204291
-4	0.040004001
-3.99	0.039804211
-3.98	0.039604921
-3.97	0.039406132
-3.96	0.039207843
-3.95	0.039010054
-3.94	0.038812766
-3.93	0.038615978
-3.92	0.03841969
-3.91	0.038223903
-3.9	0.038028615
-3.89	0.037833828
-3.88	0.037639542
-3.87	0.037445755
-3.86	0.037252469
-3.85	0.037059684
-3.84	0.036867398
-3.83	0.036675613
-3.82	0.036484328
-3.81	0.036293543
-3.8	0.036103259
-3.79	0.035913474
-3.78	0.035724191
-3.77	0.035535407
-3.76	0.035347124
-3.75	0.03515934
-3.74	0.034972058
-3.73	0.034785275
-3.72	0.034598993
-3.71	0.034413211
-3.7	0.034227929
-3.69	0.034043147
-3.68	0.033858866
-3.67	0.033675085
-3.66	0.033491804
-3.65	0.033309024
-3.64	0.033126743
-3.63	0.032944963
-3.62	0.032763684
-3.61	0.032582904
-3.6	0.032402625
-3.59	0.032222846
-3.58	0.032043567
-3.57	0.031864788
-3.56	0.03168651
-3.55	0.031508732
-3.54	0.031331454
-3.53	0.031154677
-3.52	0.030978399
-3.51	0.030802622
-3.5	0.030627345
-3.49	0.030452568
-3.48	0.030278292
-3.47	0.030104516
-3.46	0.02993124
-3.45	0.029758464
-3.44	0.029586188
-3.43	0.029414413
-3.42	0.029243138
-3.41	0.029072363
-3.4	0.028902088
-3.39	0.028732314
-3.38	0.02856304
-3.37	0.028394266
-3.36	0.028225992
-3.35	0.028058218
-3.34	0.027890945
-3.33	0.027724172
-3.32	0.027557899
-3.31	0.027392126
-3.3	0.027226853
-3.29	0.027062081
-3.28	0.026897809
-3.27	0.026734037
-3.26	0.026570765
-3.25	0.026407993
-3.24	0.026245722
-3.23	0.026083951
-3.22	0.02592268
-3.21	0.025761909
-3.2	0.025601639
-3.19	0.025441868
-3.18	0.025282598
-3.17	0.025123828
-3.16	0.024965558
-3.15	0.024807789
-3.14	0.024650519
-3.13	0.02449375
-3.12	0.024337481
-3.11	0.024181712
-3.1	0.024026443
-3.09	0.023871675
-3.08	0.023717406
-3.07	0.023563638
-3.06	0.02341037
-3.05	0.023257602
-3.04	0.023105335
-3.03	0.022953567
-3.02	0.0228023
-3.01	0.022651533
-3	0.022501266
-2.99	0.022351499
-2.98	0.022202232
-2.97	0.022053466
-2.96	0.0219052
-2.95	0.021757433
-2.94	0.021610167
-2.93	0.021463402
-2.92	0.021317136
-2.91	0.021171371
-2.9	0.021026105
-2.89	0.02088134
-2.88	0.020737075
-2.87	0.02059331
-2.86	0.020450046
-2.85	0.020307281
-2.84	0.020165017
-2.83	0.020023252
-2.82	0.019881988
-2.81	0.019741224
-2.8	0.01960096
-2.79	0.019461197
-2.78	0.019321933
-2.77	0.01918317
-2.76	0.019044907
-2.75	0.018907144
-2.74	0.018769881
-2.73	0.018633118
-2.72	0.018496855
-2.71	0.018361093
-2.7	0.01822583
-2.69	0.018091068
-2.68	0.017956806
-2.67	0.017823044
-2.66	0.017689782
-2.65	0.017557021
-2.64	0.017424759
-2.63	0.017292998
-2.62	0.017161736
-2.61	0.017030975
-2.6	0.016900714
-2.59	0.016770953
-2.58	0.016641692
-2.57	0.016512932
-2.56	0.016384671
-2.55	0.016256911
-2.54	0.01612965
-2.53	0.01600289
-2.52	0.01587663
-2.51	0.01575087
-2.5	0.01562561
-2.49	0.015500851
-2.48	0.015376591
-2.47	0.015252832
-2.46	0.015129572
-2.45	0.015006813
-2.44	0.014884554
-2.43	0.014762795
-2.42	0.014641536
-2.41	0.014520777
-2.4	0.014400518
-2.39	0.01428076
-2.38	0.014161501
-2.37	0.014042743
-2.36	0.013924485
-2.35	0.013806727
-2.34	0.013689469
-2.33	0.013572711
-2.32	0.013456453
-2.31	0.013340695
-2.3	0.013225437
-2.29	0.01311068
-2.28	0.012996422
-2.27	0.012882665
-2.26	0.012769408
-2.25	0.01265665
-2.24	0.012544393
-2.23	0.012432636
-2.22	0.01232138
-2.21	0.012210623
-2.2	0.012100366
-2.19	0.011990609
-2.18	0.011881353
-2.17	0.011772596
-2.16	0.01166434
-2.15	0.011556584
-2.14	0.011449328
-2.13	0.011342572
-2.12	0.011236316
-2.11	0.01113056
-2.1	0.011025304
-2.09	0.010920548
-2.08	0.010816292
-2.07	0.010712537
-2.06	0.010609281
-2.05	0.010506526
-2.04	0.010404271
-2.03	0.010302515
-2.02	0.01020126
-2.01	0.010100505
-2	0.01000025
-1.99	0.009900495
-1.98	0.00980124
-1.97	0.009702485
-1.96	0.009604231
-1.95	0.009506476
-1.94	0.009409221
-1.93	0.009312467
-1.92	0.009216212
-1.91	0.009120458
-1.9	0.009025204
-1.89	0.008930449
-1.88	0.008836195
-1.87	0.008742441
-1.86	0.008649187
-1.85	0.008556433
-1.84	0.008464179
-1.83	0.008372425
-1.82	0.008281171
-1.81	0.008190418
-1.8	0.008100164
-1.79	0.00801041
-1.78	0.007921157
-1.77	0.007832403
-1.76	0.00774415
-1.75	0.007656397
-1.74	0.007569143
-1.73	0.00748239
-1.72	0.007396137
-1.71	0.007310384
-1.7	0.007225131
-1.69	0.007140378
-1.68	0.007056125
-1.67	0.006972372
-1.66	0.006889119
-1.65	0.006806366
-1.64	0.006724113
-1.63	0.00664236
-1.62	0.006561108
-1.61	0.006480355
-1.6	0.006400102
-1.59	0.00632035
-1.58	0.006241097
-1.57	0.006162345
-1.56	0.006084093
-1.55	0.00600634
-1.54	0.005929088
-1.53	0.005852336
-1.52	0.005776083
-1.51	0.005700331
-1.5	0.005625079
-1.49	0.005550327
-1.48	0.005476075
-1.47	0.005402323
-1.46	0.005329071
-1.45	0.005256319
-1.44	0.005184067
-1.43	0.005112315
-1.42	0.005041064
-1.41	0.004970312
-1.4	0.00490006
-1.39	0.004830308
-1.38	0.004761057
-1.37	0.004692305
-1.36	0.004624054
-1.35	0.004556302
-1.34	0.00448905
-1.33	0.004422299
-1.32	0.004356047
-1.31	0.004290296
-1.3	0.004225045
-1.29	0.004160293
-1.28	0.004096042
-1.27	0.004032291
-1.26	0.003969039
-1.25	0.003906288
-1.24	0.003844037
-1.23	0.003782286
-1.22	0.003721035
-1.21	0.003660284
-1.2	0.003600032
-1.19	0.003540281
-1.18	0.00348103
-1.17	0.003422279
-1.16	0.003364028
-1.15	0.003306277
-1.14	0.003249026
-1.13	0.003192276
-1.12	0.003136025
-1.11	0.003080274
-1.1	0.003025023
-1.09	0.002970272
-1.08	0.002916021
-1.07	0.002862271
-1.06	0.00280902
-1.05	0.002756269
-1.04	0.002704018
-1.03	0.002652268
-1.02	0.002601017
-1.01	0.002550266
-1	0.002500016
-0.99	0.002450265
-0.98	0.002401014
-0.97	0.002352264
-0.96	0.002304013
-0.95	0.002256263
-0.94	0.002209012
-0.93	0.002162262
-0.92	0.002116011
-0.91	0.002070261
-0.9	0.00202501
-0.89	0.00198026
-0.88	0.001936009
-0.87	0.001892259
-0.86	0.001849009
-0.85	0.001806258
-0.84	0.001764008
-0.83	0.001722257
-0.82	0.001681007
-0.81	0.001640257
-0.8	0.001600006
-0.79	0.001560256
-0.78	0.001521006
-0.77	0.001482256
-0.76	0.001444005
-0.75	0.001406255
-0.74	0.001369005
-0.73	0.001332254
-0.72	0.001296004
-0.71	0.001260254
-0.7	0.001225004
-0.69	0.001190254
-0.68	0.001156003
-0.67	0.001122253
-0.66	0.001089003
-0.65	0.001056253
-0.64	0.001024003
-0.63	0.000992252
-0.62	0.000961002
-0.61	0.000930252
-0.6	0.000900002
-0.59	0.000870252
-0.58	0.000841002
-0.57	0.000812252
-0.56	0.000784002
-0.55	0.000756251
-0.54	0.000729001
-0.53	0.000702251
-0.52	0.000676001
-0.51	0.000650251
-0.5	0.000625001
-0.49	0.000600251
-0.48	0.000576001
-0.47	0.000552251
-0.46	0.000529001
-0.45	0.000506251
-0.44	0.000484001
-0.43	0.000462251
-0.42	0.000441
-0.41	0.00042025
-0.4	0.0004
-0.39	0.00038025
-0.38	0.000361
-0.37	0.00034225
-0.36	0.000324
-0.35	0.00030625
-0.34	0.000289
-0.33	0.00027225
-0.32	0.000256
-0.31	0.00024025
-0.3	0.000225
-0.29	0.00021025
-0.28	0.000196
-0.27	0.00018225
-0.26	0.000169
-0.25	0.00015625
-0.24	0.000144
-0.23	0.00013225
-0.22	0.000121
-0.21	0.00011025
-0.2	0.0001
-0.19	9.025E-05
-0.18	8.1E-05
-0.17	7.225E-05
-0.16	6.4E-05
-0.15	5.625E-05
-0.14	4.9E-05
-0.13	4.225E-05
-0.12	3.6E-05
-0.11	3.025E-05
-0.1	2.5E-05
-0.09	2.025E-05
-0.08	1.6E-05
-0.07	0.00001225
-0.06	9E-06
-0.05	6.25E-06
-0.04	0.000004
-0.03	0.00000225
-0.02	0.000001
-0.01	0.00000025
0	0
0.01	0.00000025
0.02	0.000001
0.03	0.00000225
0.04	0.000004
0.05	6.25E-06
0.06	9E-06
0.07	0.00001225
0.08	1.6E-05
0.09	2.025E-05
0.1	2.5E-05
0.11	3.025E-05
0.12	3.6E-05
0.13	4.225E-05
0.14	4.9E-05
0.15	5.625E-05
0.16	6.4E-05
0.17	7.225E-05
0.18	8.1E-05
0.19	9.025E-05
0.2	0.0001
0.21	0.00011025
0.22	0.000121
0.23	0.00013225
0.24	0.000144
0.25	0.00015625
0.26	0.000169
0.27	0.00018225
0.28	0.000196
0.29	0.00021025
0.3	0.000225
0.31	0.00024025
0.32	0.000256
0.33	0.00027225
0.34	0.000289
0.35	0.00030625
0.36	0.000324
0.37	0.00034225
0.38	0.000361
0.39	0.00038025
0.4	0.0004
0.41	0.00042025
0.42	0.000441
0.43	0.000462251
0.44	0.000484001
0.45	0.000506251
0.46	0.000529001
0.47	0.000552251
0.48	0.000576001
0.49	0.000600251
0.5	0.000625001
0.51	0.000650251
0.52	0.000676001
0.53	0.000702251
0.54	0.000729001
0.55	0.000756251
0.56	0.000784002
0.57	0.000812252
0.58	0.000841002
0.59	0.000870252
0.6	0.000900002
0.61	0.000930252
0.62	0.000961002
0.63	0.000992252
0.64	0.001024003
0.65	0.001056253
0.66	0.001089003
0.67	0.001122253
0.68	0.001156003
0.69	0.001190254
0.7	0.001225004
0.71	0.001260254
0.72	0.001296004
0.73	0.001332254
0.74	0.001369005
0.75	0.001406255
0.76	0.001444005
0.77	0.001482256
0.78	0.001521006
0.79	0.001560256
0.8	0.001600006
0.81	0.001640257
0.82	0.001681007
0.83	0.001722257
0.84	0.001764008
0.85	0.001806258
0.86	0.001849009
0.87	0.001892259
0.88	0.001936009
0.89	0.00198026
0.9	0.00202501
0.91	0.002070261
0.92	0.002116011
0.93	0.002162262
0.94	0.002209012
0.95	0.002256263
0.96	0.002304013
0.97	0.002352264
0.98	0.002401014
0.99	0.002450265
1	0.002500016
1.01	0.002550266
1.02	0.002601017
1.03	0.002652268
1.04	0.002704018
1.05	0.002756269
1.06	0.00280902
1.07	0.002862271
1.08	0.002916021
1.09	0.002970272
1.1	0.003025023
1.11	0.003080274
1.12	0.003136025
1.13	0.003192276
1.14	0.003249026
1.15	0.003306277
1.16	0.003364028
1.17	0.003422279
1.18	0.00348103
1.19	0.003540281
1.2	0.003600032
1.21	0.003660284
1.22	0.003721035
1.23	0.003782286
1.24	0.003844037
1.25	0.003906288
1.26	0.003969039
1.27	0.004032291
1.28	0.004096042
1.29	0.004160293
1.3	0.004225045
1.31	0.004290296
1.32	0.004356047
1.33	0.004422299
1.34	0.00448905
1.35	0.004556302
1.36	0.004624054
1.37	0.004692305
1.38	0.004761057
1.39	0.004830308
1.4	0.00490006
1.41	0.004970312
1.42	0.005041064
1.43	0.005112315
1.44	0.005184067
1.45	0.005256319
1.46	0.005329071
1.47	0.005402323
1.48	0.005476075
1.49	0.005550327
1.5	0.005625079
1.51	0.005700331
1.52	0.005776083
1.53	0.005852336
1.54	0.005929088
1.55	0.00600634
1.56	0.006084093
1.57	0.006162345
1.58	0.006241097
1.59	0.00632035
1.6	0.006400102
1.61	0.006480355
1.62	0.006561108
1.63	0.00664236
1.64	0.006724113
1.65	0.006806366
1.66	0.006889119
1.67	0.006972372
1.68	0.007056125
1.69	0.007140378
1.7	0.007225131
1.71	0.007310384
1.72	0.007396137
1.73	0.00748239
1.74	0.007569143
1.75	0.007656397
1.76	0.00774415
1.77	0.007832403
1.78	0.007921157
1.79	0.00801041
1.8	0.008100164
1.81	0.008190418
1.82	0.008281171
1.83	0.008372425
1.84	0.008464179
1.85	0.008556433
1.86	0.008649187
1.87	0.008742441
1.88	0.008836195
1.89	0.008930449
1.9	0.009025204
1.91	0.009120458
1.92	0.009216212
1.93	0.009312467
1.94	0.009409221
1.95	0.009506476
1.96	0.009604231
1.97	0.009702485
1.98	0.00980124
1.99	0.009900495
2	0.01000025
2.01	0.010100505
2.02	0.01020126
2.03	0.010302515
2.04	0.010404271
2.05	0.010506526
2.06	0.010609281
2.07	0.010712537
2.08	0.010816292
2.09	0.010920548
2.1	0.011025304
2.11	0.01113056
2.12	0.011236316
2.13	0.011342572
2.14	0.011449328
2.15	0.011556584
2.16	0.01166434
2.17	0.011772596
2.18	0.011881353
2.19	0.011990609
2.2	0.012100366
2.21	0.012210623
2.22	0.01232138
2.23	0.012432636
2.24	0.012544393
2.25	0.01265665
2.26	0.012769408
2.27	0.012882665
2.28	0.012996422
2.29	0.01311068
2.3	0.013225437
2.31	0.013340695
2.32	0.013456453
2.33	0.013572711
2.34	0.013689469
2.35	0.013806727
2.36	0.013924485
2.37	0.014042743
2.38	0.014161501
2.39	0.01428076
2.4	0.014400518
2.41	0.014520777
2.42	0.014641536
2.43	0.014762795
2.44	0.014884554
2.45	0.015006813
2.46	0.015129572
2.47	0.015252832
2.48	0.015376591
2.49	0.015500851
2.5	0.01562561
2.51	0.01575087
2.52	0.01587663
2.53	0.01600289
2.54	0.01612965
2.55	0.016256911
2.56	0.016384671
2.57	0.016512932
2.58	0.016641692
2.59	0.016770953
2.6	0.016900714
2.61	0.017030975
2.62	0.017161736
2.63	0.017292998
2.64	0.017424759
2.65	0.017557021
2.66	0.017689782
2.67	0.017823044
2.68	0.017956806
2.69	0.018091068
2.7	0.01822583
2.71	0.018361093
2.72	0.018496855
2.73	0.018633118
2.74	0.018769881
2.75	0.018907144
2.76	0.019044907
2.77	0.01918317
2.78	0.019321933
2.79	0.019461197
2.8	0.01960096
2.81	0.019741224
2.82	0.019881988
2.83	0.020023252
2.84	0.020165017
2.85	0.020307281
2.86	0.020450046
2.87	0.02059331
2.88	0.020737075
2.89	0.02088134
2.9	0.021026105
2.91	0.021171371
2.92	0.021317136
2.93	0.021463402
2.94	0.021610167
2.95	0.021757433
2.96	0.0219052
2.97	0.022053466
2.98	0.022202232
2.99	0.022351499
3	0.022501266
3.01	0.022651533
3.02	0.0228023
3.03	0.022953567
3.04	0.023105335
3.05	0.023257602
3.06	0.02341037
3.07	0.023563638
3.08	0.023717406
3.09	0.023871675
3.1	0.024026443
3.11	0.024181712
3.12	0.024337481
3.13	0.02449375
3.14	0.024650519
3.15	0.024807789
3.16	0.024965558
3.17	0.025123828
3.18	0.025282598
3.19	0.025441868
3.2	0.025601639
3.21	0.025761909
3.22	0.02592268
3.23	0.026083951
3.24	0.026245722
3.25	0.026407993
3.26	0.026570765
3.27	0.026734037
3.28	0.026897809
3.29	0.027062081
3.3	0.027226853
3.31	0.027392126
3.32	0.027557899
3.33	0.027724172
3.34	0.027890945
3.35	0.028058218
3.36	0.028225992
3.37	0.028394266
3.38	0.02856304
3.39	0.028732314
3.4	0.028902088
3.41	0.029072363
3.42	0.029243138
3.43	0.029414413
3.44	0.029586188
3.45	0.029758464
3.46	0.02993124
3.47	0.030104516
3.48	0.030278292
3.49	0.030452568
3.5	0.030627345
3.51	0.030802622
3.52	0.030978399
3.53	0.031154677
3.54	0.031331454
3.55	0.031508732
3.56	0.03168651
3.57	0.031864788
3.58	0.032043567
3.59	0.032222846
3.6	0.032402625
3.61	0.032582904
3.62	0.032763684
3.63	0.032944963
3.64	0.033126743
3.65	0.033309024
3.66	0.033491804
3.67	0.033675085
3.68	0.033858866
3.69	0.034043147
3.7	0.034227929
3.71	0.034413211
3.72	0.034598993
3.73	0.034785275
3.74	0.034972058
3.75	0.03515934
3.76	0.035347124
3.77	0.035535407
3.78	0.035724191
3.79	0.035913474
3.8	0.036103259
3.81	0.036293543
3.82	0.036484328
3.83	0.036675613
3.84	0.036867398
3.85	0.037059684
3.86	0.037252469
3.87	0.037445755
3.88	0.037639542
3.89	0.037833828
3.9	0.038028615
3.91	0.038223903
3.92	0.03841969
3.93	0.038615978
3.94	0.038812766
3.95	0.039010054
3.96	0.039207843
3.97	0.039406132
3.98	0.039604921
3.99	0.039804211
4	0.040004001
4.01	0.040204291
4.02	0.040405081
4.03	0.040606372
4.04	0.040808163
4.05	0.041010455
4.06	0.041213246
4.07	0.041416538
4.08	0.041620331
4.09	0.041824623
4.1	0.042029416
4.11	0.042234709
4.12	0.042440503
4.13	0.042646797
4.14	0.042853591
4.15	0.043060886
4.16	0.04326868
4.17	0.043476976
4.18	0.043685771
4.19	0.043895067
4.2	0.044104863
4.21	0.04431516
4.22	0.044525956
4.23	0.044737254
4.24	0.044949051
4.25	0.045161349
4.26	0.045374147
4.27	0.045587446
4.28	0.045801244
4.29	0.046015544
4.3	0.046230343
4.31	0.046445643
4.32	0.046661443
4.33	0.046877744
4.34	0.047094545
4.35	0.047311846
4.36	0.047529648
4.37	0.04774795
4.38	0.047966752
4.39	0.048186055
4.4	0.048405858
4.41	0.048626161
4.42	0.048846965
4.43	0.049068269
4.44	0.049290074
4.45	0.049512379
4.46	0.049735184
4.47	0.04995849
4.48	0.050182296
4.49	0.050406602
4.5	0.050631409
4.51	0.050856716
4.52	0.051082524
4.53	0.051308831
4.54	0.05153564
4.55	0.051762949
4.56	0.051990758
4.57	0.052219067
4.58	0.052447877
4.59	0.052677187
4.6	0.052906998
4.61	0.053137309
4.62	0.05336812
4.63	0.053599432
4.64	0.053831245
4.65	0.054063557
4.66	0.05429637
4.67	0.054529684
4.68	0.054763498
4.69	0.054997812
4.7	0.055232627
4.71	0.055467942
4.72	0.055703757
4.73	0.055940073
4.74	0.05617689
4.75	0.056414206
4.76	0.056652024
4.77	0.056890341
4.78	0.057129159
4.79	0.057368478
4.8	0.057608297
4.81	0.057848616
4.82	0.058089436
4.83	0.058330756
4.84	0.058572577
4.85	0.058814898
4.86	0.05905772
4.87	0.059301042
4.88	0.059544864
4.89	0.059789187
4.9	0.06003401
4.91	0.060279334
4.92	0.060525158
4.93	0.060771483
4.94	0.061018308
4.95	0.061265634
4.96	0.06151346
4.97	0.061761786
4.98	0.062010613
4.99	0.062259941
5	0.062509769
5.01	0.062760097
5.02	0.063010926
5.03	0.063262255
5.04	0.063514085
5.05	0.063766415
5.06	0.064019246
5.07	0.064272577
5.08	0.064526409
5.09	0.064780741
5.1	0.065035574
5.11	0.065290907
5.12	0.065546741
5.13	0.065803075
5.14	0.06605991
5.15	0.066317245
5.16	0.066575081
5.17	0.066833417
5.18	0.067092253
5.19	0.067351591
5.2	0.067611428
5.21	0.067871766
5.22	0.068132605
5.23	0.068393944
5.24	0.068655784
5.25	0.068918124
5.26	0.069180965
5.27	0.069444306
5.28	0.069708148
5.29	0.06997249
5.3	0.070237333
5.31	0.070502677
5.32	0.07076852
5.33	0.071034865
5.34	0.07130171
5.35	0.071569055
5.36	0.071836901
5.37	0.072105248
5.38	0.072374095
5.39	0.072643443
5.4	0.072913291
5.41	0.07318364
5.42	0.073454489
5.43	0.073725839
5.44	0.073997689
5.45	0.07427004
5.46	0.074542892
5.47	0.074816244
5.48	0.075090096
5.49	0.07536445
5.5	0.075639303
5.51	0.075914658
5.52	0.076190512
5.53	0.076466868
5.54	0.076743724
5.55	0.077021081
5.56	0.077298938
5.57	0.077577296
5.58	0.077856154
5.59	0.078135513
5.6	0.078415372
5.61	0.078695733
5.62	0.078976593
5.63	0.079257955
5.64	0.079539816
5.65	0.079822179
5.66	0.080105042
5.67	0.080388406
5.68	0.08067227
5.69	0.080956635
5.7	0.0812415
5.71	0.081526867
5.72	0.081812733
5.73	0.082099101
5.74	0.082385969
5.75	0.082673337
5.76	0.082961206
5.77	0.083249576
5.78	0.083538447
5.79	0.083827818
5.8	0.084117689
5.81	0.084408062
5.82	0.084698935
5.83	0.084990308
5.84	0.085282183
5.85	0.085574558
5.86	0.085867433
5.87	0.086160809
5.88	0.086454686
5.89	0.086749064
5.9	0.087043942
5.91	0.08733932
5.92	0.0876352
5.93	0.08793158
5.94	0.088228461
5.95	0.088525842
5.96	0.088823724
5.97	0.089122107
5.98	0.08942099
5.99	0.089720374
6	0.090020259
6.01	0.090320645
6.02	0.090621531
6.03	0.090922917
6.04	0.091224805
6.05	0.091527193
6.06	0.091830082
6.07	0.092133471
6.08	0.092437362
6.09	0.092741753
6.1	0.093046644
6.11	0.093352037
6.12	0.09365793
6.13	0.093964323
6.14	0.094271218
6.15	0.094578613
6.16	0.094886509
6.17	0.095194905
6.18	0.095503802
6.19	0.0958132
6.2	0.096123099
6.21	0.096433499
6.22	0.096744399
6.23	0.0970558
6.24	0.097367701
6.25	0.097680104
6.26	0.097993007
6.27	0.09830641
6.28	0.098620315
6.29	0.09893472
6.3	0.099249626
6.31	0.099565033
6.32	0.099880941
6.33	0.10019735
6.34	0.10051426
6.35	0.10083167
6.36	0.10114958
6.37	0.10146799
6.38	0.1017869
6.39	0.10210631
6.4	0.10242623
6.41	0.10274664
6.42	0.10306756
6.43	0.10338897
6.44	0.10371089
6.45	0.10403331
6.46	0.10435623
6.47	0.10467964
6.48	0.10500356
6.49	0.10532798
6.5	0.10565291
6.51	0.10597833
6.52	0.10630425
6.53	0.10663068
6.54	0.1069576
6.55	0.10728503
6.56	0.10761295
6.57	0.10794138
6.58	0.10827031
6.59	0.10859973
6.6	0.10892966
6.61	0.10926009
6.62	0.10959103
6.63	0.10992246
6.64	0.11025439
6.65	0.11058682
6.66	0.11091976
6.67	0.11125319
6.68	0.11158713
6.69	0.11192157
6.7	0.1122565
6.71	0.11259194
6.72	0.11292788
6.73	0.11326432
6.74	0.11360126
6.75	0.11393871
6.76	0.11427665
6.77	0.11461509
6.78	0.11495404
6.79	0.11529348
6.8	0.11563343
6.81	0.11597387
6.82	0.11631482
6.83	0.11665627
6.84	0.11699822
6.85	0.11734067
6.86	0.11768362
6.87	0.11802708
6.88	0.11837103
6.89	0.11871548
6.9	0.11906044
6.91	0.11940589
6.92	0.11975185
6.93	0.12009831
6.94	0.12044527
6.95	0.12079273
6.96	0.12114069
6.97	0.12148915
6.98	0.12183811
6.99	0.12218757
7	0.12253754
7.01	0.122888
7.02	0.12323897
7.03	0.12359044
7.04	0.1239424
7.05	0.12429487
7.06	0.12464784
7.07	0.12500131
7.08	0.12535528
7.09	0.12570976
7.1	0.12606473
7.11	0.12642021
7.12	0.12677618
7.13	0.12713266
7.14	0.12748963
7.15	0.12784711
7.16	0.12820509
7.17	0.12856357
7.18	0.12892255
7.19	0.12928203
7.2	0.12964202
7.21	0.1300025
7.22	0.13036349
7.23	0.13072497
7.24	0.13108696
7.25	0.13144945
7.26	0.13181244
7.27	0.13217593
7.28	0.13253992
7.29	0.13290441
7.3	0.1332694
7.31	0.1336349
7.32	0.13400089
7.33	0.13436739
7.34	0.13473438
7.35	0.13510188
7.36	0.13546988
7.37	0.13583838
7.38	0.13620738
7.39	0.13657688
7.4	0.13694689
7.41	0.13731739
7.42	0.1376884
7.43	0.1380599
7.44	0.13843191
7.45	0.13880442
7.46	0.13917743
7.47	0.13955094
7.48	0.13992495
7.49	0.14029946
7.5	0.14067447
7.51	0.14104999
7.52	0.141426
7.53	0.14180252
7.54	0.14217954
7.55	0.14255706
7.56	0.14293508
7.57	0.1433136
7.58	0.14369262
7.59	0.14407214
7.6	0.14445217
7.61	0.14483269
7.62	0.14521372
7.63	0.14559524
7.64	0.14597727
7.65	0.1463598
7.66	0.14674283
7.67	0.14712637
7.68	0.1475104
7.69	0.14789493
7.7	0.14827997
7.71	0.1486655
7.72	0.14905154
7.73	0.14943808
7.74	0.14982512
7.75	0.15021266
7.76	0.1506007
7.77	0.15098924
7.78	0.15137829
7.79	0.15176783
7.8	0.15215788
7.81	0.15254843
7.82	0.15293948
7.83	0.15333103
7.84	0.15372308
7.85	0.15411563
7.86	0.15450868
7.87	0.15490224
7.88	0.15529629
7.89	0.15569085
7.9	0.15608591
7.91	0.15648147
7.92	0.15687753
7.93	0.15727409
7.94	0.15767115
7.95	0.15806871
7.96	0.15846678
7.97	0.15886535
7.98	0.15926441
7.99	0.15966398
8	0.16006405
8.01	0.16046462
8.02	0.16086569
8.03	0.16126727
8.04	0.16166934
8.05	0.16207192
8.06	0.162475
8.07	0.16287857
8.08	0.16328265
8.09	0.16368723
8.1	0.16409232
8.11	0.1644979
8.12	0.16490398
8.13	0.16531057
8.14	0.16571766
8.15	0.16612524
8.16	0.16653333
8.17	0.16694192
8.18	0.16735102
8.19	0.16776061
8.2	0.1681707
8.21	0.1685813
8.22	0.1689924
8.23	0.16940399
8.24	0.16981609
8.25	0.17022869
8.26	0.1706418
8.27	0.1710554
8.28	0.1714695
8.29	0.17188411
8.3	0.17229922
8.31	0.17271483
8.32	0.17313094
8.33	0.17354755
8.34	0.17396466
8.35	0.17438227
8.36	0.17480039
8.37	0.175219
8.38	0.17563812
8.39	0.17605774
8.4	0.17647786
8.41	0.17689848
8.42	0.17731961
8.43	0.17774123
8.44	0.17816336
8.45	0.17858598
8.46	0.17900911
8.47	0.17943274
8.48	0.17985687
8.49	0.1802815
8.5	0.18070664
8.51	0.18113227
8.52	0.18155841
8.53	0.18198505
8.54	0.18241219
8.55	0.18283983
8.56	0.18326797
8.57	0.18369661
8.58	0.18412576
8.59	0.1845554
8.6	0.18498555
8.61	0.1854162
8.62	0.18584735
8.63	0.186279
8.64	0.18671115
8.65	0.18714381
8.66	0.18757696
8.67	0.18801062
8.68	0.18844478
8.69	0.18887944
8.7	0.1893146
8.71	0.18975026
8.72	0.19018643
8.73	0.19062309
8.74	0.19106026
8.75	0.19149793
8.76	0.1919361
8.77	0.19237477
8.78	0.19281394
8.79	0.19325362
8.8	0.19369379
8.81	0.19413447
8.82	0.19457565
8.83	0.19501733
8.84	0.19545951
8.85	0.19590219
8.86	0.19634538
8.87	0.19678906
8.88	0.19723325
8.89	0.19767794
8.9	0.19812313
8.91	0.19856882
8.92	0.19901502
8.93	0.19946171
8.94	0.19990891
8.95	0.20035661
8.96	0.20080481
8.97	0.20125351
8.98	0.20170271
8.99	0.20215241
9	0.20260262
9.01	0.20305391
9.02	0.20350688
9.03	0.20396151
9.04	0.20441782
9.05	0.2048758
9.06	0.20533545
9.07	0.20579677
9.08	0.20625977
9.09	0.20672444
9.1	0.20719078
9.11	0.20765879
9.12	0.20812847
9.13	0.20859983
9.14	0.20907286
9.15	0.20954756
9.16	0.21002393
9.17	0.21050198
9.18	0.21098169
9.19	0.21146308
9.2	0.21194615
9.21	0.21243088
9.22	0.21291729
9.23	0.21340537
9.24	0.21389512
9.25	0.21438655
9.26	0.21487965
9.27	0.21537442
9.28	0.21587086
9.29	0.21636898
9.3	0.21686877
9.31	0.21737023
9.32	0.21787337
9.33	0.21837817
9.34	0.21888466
9.35	0.21939281
9.36	0.21990264
9.37	0.22041414
9.38	0.22092731
9.39	0.22144216
9.4	0.22195868
9.41	0.22247688
9.42	0.22299675
9.43	0.22351829
9.44	0.2240415
9.45	0.22456639
9.46	0.22509295
9.47	0.22562119
9.48	0.2261511
9.49	0.22668268
9.5	0.22721593
9.51	0.22775087
9.52	0.22828747
9.53	0.22882575
9.54	0.2293657
9.55	0.22990733
9.56	0.23045063
9.57	0.2309956
9.58	0.23154225
9.59	0.23209057
9.6	0.23264057
9.61	0.23319224
9.62	0.23374558
9.63	0.2343006
9.64	0.2348573
9.65	0.23541567
9.66	0.23597571
9.67	0.23653743
9.68	0.23710082
9.69	0.23766588
9.7	0.23823263
9.71	0.23880104
9.72	0.23937113
9.73	0.2399429
9.74	0.24051634
9.75	0.24109145
9.76	0.24166824
9.77	0.24224671
9.78	0.24282685
9.79	0.24340867
9.8	0.24399216
9.81	0.24457732
9.82	0.24516416
9.83	0.24575268
9.84	0.24634287
9.85	0.24693474
9.86	0.24752828
9.87	0.2481235
9.88	0.24872039
9.89	0.24931896
9.9	0.24991921
9.91	0.25052113
9.92	0.25112473
9.93	0.25173
9.94	0.25233695
9.95	0.25294557
9.96	0.25355587
9.97	0.25416785
9.98	0.2547815
9.99	0.25539683
10	0.25601383
10.01	0.25663251
10.02	0.25725287
10.03	0.2578749
10.04	0.25849861
10.05	0.259124
10.06	0.25975106
10.07	0.2603798
10.08	0.26101022
10.09	0.26164231
10.1	0.26227608
10.11	0.26291152
10.12	0.26354865
10.13	0.26418744
10.14	0.26482792
10.15	0.26547007
10.16	0.2661139
10.17	0.26675941
10.18	0.2674066
10.19	0.26805546
10.2	0.268706
10.21	0.26935821
10.22	0.27001211
10.23	0.27066768
10.24	0.27132493
10.25	0.27198385
10.26	0.27264446
10.27	0.27330674
10.28	0.27397069
10.29	0.27463633
10.3	0.27530365
10.31	0.27597264
10.32	0.27664331
10.33	0.27731566
10.34	0.27798968
10.35	0.27866539
10.36	0.27934277
10.37	0.28002183
10.38	0.28070257
10.39	0.28138498
10.4	0.28206908
10.41	0.28275485
10.42	0.2834423
10.43	0.28413143
10.44	0.28482224
10.45	0.28551473
10.46	0.2862089
10.47	0.28690474
10.48	0.28760227
10.49	0.28830147
10.5	0.28900235
10.51	0.28970491
10.52	0.29040915
10.53	0.29111507
10.54	0.29182267
10.55	0.29253195
10.56	0.2932429
10.57	0.29395554
10.58	0.29466985
10.59	0.29538585
10.6	0.29610352
10.61	0.29682288
10.62	0.29754391
10.63	0.29826663
10.64	0.29899102
10.65	0.29971709
10.66	0.30044484
10.67	0.30117428
10.68	0.30190539
10.69	0.30263818
10.7	0.30337266
10.71	0.30410881
10.72	0.30484664
10.73	0.30558616
10.74	0.30632735
10.75	0.30707023
10.76	0.30781478
10.77	0.30856102
10.78	0.30930893
10.79	0.31005853
10.8	0.31080981
10.81	0.31156277
10.82	0.31231741
10.83	0.31307373
10.84	0.31383173
10.85	0.31459141
10.86	0.31535278
10.87	0.31611582
10.88	0.31688055
10.89	0.31764695
10.9	0.31841504
10.91	0.31918481
10.92	0.31995627
10.93	0.3207294
10.94	0.32150422
10.95	0.32228071
10.96	0.32305889
10.97	0.32383875
10.98	0.32462029
10.99	0.32540352
11	0.32618843
11.01	0.32697501
11.02	0.32776329
11.03	0.32855324
11.04	0.32934487
11.05	0.33013819
11.06	0.33093319
11.07	0.33172988
11.08	0.33252824
11.09	0.33332829
11.1	0.33413002
11.11	0.33493343
11.12	0.33573853
11.13	0.33654531
11.14	0.33735377
11.15	0.33816392
11.16	0.33897575
11.17	0.33978926
11.18	0.34060445
11.19	0.34142133
11.2	0.3422399
11.21	0.34306014
11.22	0.34388207
11.23	0.34470568
11.24	0.34553098
11.25	0.34635796
11.26	0.34718662
11.27	0.34801697
11.28	0.348849
11.29	0.34968272
11.3	0.35051812
11.31	0.3513552
11.32	0.35219397
11.33	0.35303442
11.34	0.35387656
11.35	0.35472038
11.36	0.35556589
11.37	0.35641308
11.38	0.35726195
11.39	0.35811251
11.4	0.35896476
11.41	0.35981869
11.42	0.3606743
11.43	0.3615316
11.44	0.36239059
11.45	0.36325126
11.46	0.36411361
11.47	0.36497765
11.48	0.36584338
11.49	0.36671079
11.5	0.36757989
11.51	0.36845067
11.52	0.36932314
11.53	0.37019729
11.54	0.37107314
11.55	0.37195066
11.56	0.37282987
11.57	0.37371077
11.58	0.37459336
11.59	0.37547763
11.6	0.37636358
11.61	0.37725123
11.62	0.37814055
11.63	0.37903157
11.64	0.37992427
11.65	0.38081866
11.66	0.38171474
11.67	0.3826125
11.68	0.38351195
11.69	0.38441309
11.7	0.38531591
11.71	0.38622042
11.72	0.38712662
11.73	0.38803451
11.74	0.38894408
11.75	0.38985534
11.76	0.39076829
11.77	0.39168292
11.78	0.39259924
11.79	0.39351726
11.8	0.39443695
11.81	0.39535834
11.82	0.39628141
11.83	0.39720618
11.84	0.39813263
11.85	0.39906077
11.86	0.39999059
11.87	0.40092211
11.88	0.40185531
11.89	0.4027902
11.9	0.40372679
11.91	0.40466506
11.92	0.40560501
11.93	0.40654666
11.94	0.40749
11.95	0.40843502
11.96	0.40938174
11.97	0.41033014
11.98	0.41128023
11.99	0.41223201
12	0.41318549
12.01	0.41414065
12.02	0.4150975
12.03	0.41605604
12.04	0.41701627
12.05	0.41797819
12.06	0.4189418
12.07	0.4199071
12.08	0.42087409
12.09	0.42184276
12.1	0.42281313
12.11	0.42378519
12.12	0.42475895
12.13	0.42573439
12.14	0.42671152
12.15	0.42769034
12.16	0.42867085
12.17	0.42965306
12.18	0.43063695
12.19	0.43162254
12.2	0.43260981
12.21	0.43359878
12.22	0.43458944
12.23	0.43558179
12.24	0.43657583
12.25	0.43757157
12.26	0.43856899
12.27	0.43956811
12.28	0.44056892
12.29	0.44157142
12.3	0.44257561
12.31	0.44358149
12.32	0.44458907
12.33	0.44559834
12.34	0.4466093
12.35	0.44762195
12.36	0.44863629
12.37	0.44965233
12.38	0.45067006
12.39	0.45168948
12.4	0.4527106
12.41	0.45373341
12.42	0.45475791
12.43	0.4557841
12.44	0.45681199
12.45	0.45784157
12.46	0.45887284
12.47	0.45990581
12.48	0.46094047
12.49	0.46197683
12.5	0.46301488
12.51	0.46405462
12.52	0.46509605
12.53	0.46613918
12.54	0.467184
12.55	0.46823052
12.56	0.46927873
12.57	0.47032864
12.58	0.47138024
12.59	0.47243353
12.6	0.47348852
12.61	0.47454521
12.62	0.47560359
12.63	0.47666366
12.64	0.47772543
12.65	0.47878889
12.66	0.47985405
12.67	0.4809209
12.68	0.48198945
12.69	0.48305969
12.7	0.48413163
12.71	0.48520527
12.72	0.4862806
12.73	0.48735763
12.74	0.48843635
12.75	0.48951677
12.76	0.49059888
12.77	0.49168269
12.78	0.49276819
12.79	0.4938554
12.8	0.4949443
12.81	0.49603489
12.82	0.49712718
12.83	0.49822117
12.84	0.49931686
12.85	0.50041424
12.86	0.50151332
12.87	0.50261409
12.88	0.50371657
12.89	0.50482074
12.9	0.5059266
12.91	0.50703417
12.92	0.50814343
12.93	0.50925439
12.94	0.51036705
12.95	0.5114814
12.96	0.51259746
12.97	0.51371521
12.98	0.51483466
12.99	0.5159558
13	0.51707865
13.01	0.51820319
13.02	0.51932943
13.03	0.52045737
13.04	0.52158701
13.05	0.52271835
13.06	0.52385139
13.07	0.52498612
13.08	0.52612256
13.09	0.52726069
13.1	0.52840053
13.11	0.52954206
13.12	0.53068529
13.13	0.53183022
13.14	0.53297685
13.15	0.53412518
13.16	0.53527521
13.17	0.53642694
13.18	0.53758037
13.19	0.5387355
13.2	0.53989233
13.21	0.54105087
13.22	0.5422111
13.23	0.54337303
13.24	0.54453666
13.25	0.54570199
13.26	0.54686903
13.27	0.54803776
13.28	0.5492082
13.29	0.55038033
13.3	0.55155417
13.31	0.55272971
13.32	0.55390695
13.33	0.55508589
13.34	0.55626654
13.35	0.55744888
13.36	0.55863293
13.37	0.55981868
13.38	0.56100613
13.39	0.56219528
13.4	0.56338614
13.41	0.5645787
13.42	0.56577295
13.43	0.56696892
13.44	0.56816658
13.45	0.56936595
13.46	0.57056702
13.47	0.57176979
13.48	0.57297427
13.49	0.57418045
13.5	0.57538833
13.51	0.57659792
13.52	0.57780921
13.53	0.5790222
13.54	0.5802369
13.55	0.5814533
13.56	0.5826714
13.57	0.58389121
13.58	0.58511272
13.59	0.58633594
13.6	0.58756086
13.61	0.58878749
13.62	0.59001582
13.63	0.59124585
13.64	0.59247759
13.65	0.59371103
13.66	0.59494618
13.67	0.59618303
13.68	0.59742159
13.69	0.59866186
13.7	0.59990383
13.71	0.6011475
13.72	0.60239288
13.73	0.60363997
13.74	0.60488876
13.75	0.60613926
13.76	0.60739146
13.77	0.60864537
13.78	0.60990098
13.79	0.61115831
13.8	0.61241733
13.81	0.61367807
13.82	0.61494051
13.83	0.61620466
13.84	0.61747051
13.85	0.61873808
13.86	0.62000735
13.87	0.62127832
13.88	0.622551
13.89	0.6238254
13.9	0.62510149
13.91	0.6263793
13.92	0.62765881
13.93	0.62894003
13.94	0.63022296
13.95	0.6315076
13.96	0.63279395
13.97	0.634082
13.98	0.63537176
13.99	0.63666323
14	0.63795641
14.01	0.6392513
14.02	0.6405479
14.03	0.6418462
14.04	0.64314622
14.05	0.64444794
14.06	0.64575138
14.07	0.64705652
14.08	0.64836337
14.09	0.64967193
14.1	0.6509822
14.11	0.65229418
14.12	0.65360787
14.13	0.65492328
14.14	0.65624039
14.15	0.65755921
14.16	0.65887974
14.17	0.66020198
14.18	0.66152594
14.19	0.6628516
14.2	0.66417898
14.21	0.66550806
14.22	0.66683886
14.23	0.66817137
14.24	0.66950558
14.25	0.67084152
14.26	0.67217916
14.27	0.67351851
14.28	0.67485958
14.29	0.67620235
14.3	0.67754684
14.31	0.67889305
14.32	0.68024096
14.33	0.68159059
14.34	0.68294192
14.35	0.68429498
14.36	0.68564974
14.37	0.68700622
14.38	0.68836441
14.39	0.68972431
14.4	0.69108593
14.41	0.69244925
14.42	0.6938143
14.43	0.69518105
14.44	0.69654952
14.45	0.69791971
14.46	0.6992916
14.47	0.70066522
14.48	0.70204054
14.49	0.70341758
14.5	0.70479634
14.51	0.7061768
14.52	0.70755899
14.53	0.70894289
14.54	0.7103285
14.55	0.71171583
14.56	0.71310487
14.57	0.71449563
14.58	0.7158881
14.59	0.71728229
14.6	0.71867819
14.61	0.72007581
14.62	0.72147515
14.63	0.7228762
14.64	0.72427897
14.65	0.72568345
14.66	0.72708965
14.67	0.72849757
14.68	0.7299072
14.69	0.73131855
14.7	0.73273162
14.71	0.7341464
14.72	0.7355629
14.73	0.73698112
14.74	0.73840106
14.75	0.73982271
14.76	0.74124608
14.77	0.74267117
14.78	0.74409797
14.79	0.74552649
14.8	0.74695674
14.81	0.74838869
14.82	0.74982237
14.83	0.75125777
14.84	0.75269488
14.85	0.75413372
14.86	0.75557427
14.87	0.75701654
14.88	0.75846053
14.89	0.75990624
14.9	0.76135366
14.91	0.76280281
14.92	0.76425368
14.93	0.76570627
14.94	0.76716057
14.95	0.7686166
14.96	0.77007434
14.97	0.77153381
14.98	0.772995
14.99	0.7744579
15	0.77592253
15.01	0.77738888
15.02	0.77885695
15.03	0.78032674
15.04	0.78179825
15.05	0.78327148
15.06	0.78474643
15.07	0.78622311
15.08	0.7877015
15.09	0.78918162
15.1	0.79066346
15.11	0.79214702
15.12	0.79363231
15.13	0.79511931
15.14	0.79660804
15.15	0.79809849
15.16	0.79959067
15.17	0.80108456
15.18	0.80258018
15.19	0.80407752
15.2	0.80557659
15.21	0.80707737
15.22	0.80857989
15.23	0.81008412
15.24	0.81159008
15.25	0.81309776
15.26	0.81460717
15.27	0.8161183
15.28	0.81763115
15.29	0.81914573
15.3	0.82066203
15.31	0.82218006
15.32	0.82369981
15.33	0.82522129
15.34	0.82674449
15.35	0.82826942
15.36	0.82979607
15.37	0.83132445
15.38	0.83285455
15.39	0.83438638
15.4	0.83591994
15.41	0.83745522
15.42	0.83899222
15.43	0.84053095
15.44	0.84207141
15.45	0.8436136
15.46	0.84515751
15.47	0.84670315
15.48	0.84825051
15.49	0.8497996
15.5	0.85135042
15.51	0.85290297
15.52	0.85445724
15.53	0.85601325
15.54	0.85757097
15.55	0.85913043
15.56	0.86069162
15.57	0.86225453
15.58	0.86381917
15.59	0.86538554
15.6	0.86695363
15.61	0.86852346
15.62	0.87009502
15.63	0.8716683
15.64	0.87324331
15.65	0.87482005
15.66	0.87639852
15.67	0.87797873
15.68	0.87956066
15.69	0.88114431
15.7	0.8827297
15.71	0.88431682
15.72	0.88590567
15.73	0.88749625
15.74	0.88908856
15.75	0.8906826
15.76	0.89227838
15.77	0.89387588
15.78	0.89547511
15.79	0.89707608
15.8	0.89867877
15.81	0.9002832
15.82	0.90188936
15.83	0.90349725
15.84	0.90510687
15.85	0.90671822
15.86	0.90833131
15.87	0.90994612
15.88	0.91156268
15.89	0.91318096
15.9	0.91480097
15.91	0.91642272
15.92	0.9180462
15.93	0.91967142
15.94	0.92129836
15.95	0.92292704
15.96	0.92455746
15.97	0.92618961
15.98	0.92782349
15.99	0.9294591
16	0.93109645
16.01	0.93273554
16.02	0.93437636
16.03	0.93601891
16.04	0.9376632
16.05	0.93930922
16.06	0.94095698
16.07	0.94260647
16.08	0.94425769
16.09	0.94591066
16.1	0.94756536
16.11	0.94922179
16.12	0.95087996
16.13	0.95253986
16.14	0.95420151
16.15	0.95586488
16.16	0.95753
16.17	0.95919685
16.18	0.96086544
16.19	0.96253576
16.2	0.96420782
16.21	0.96588162
16.22	0.96755716
16.23	0.96923443
16.24	0.97091344
16.25	0.97259419
16.26	0.97427668
16.27	0.9759609
16.28	0.97764686
16.29	0.97933456
16.3	0.981024
16.31	0.98271518
16.32	0.9844081
16.33	0.98610275
16.34	0.98779915
16.35	0.98949728
16.36	0.99119715
16.37	0.99289877
16.38	0.99460212
16.39	0.99630721
16.4	0.99801404
16.41	0.99972261
16.42	1.0014329
16.43	1.003145
16.44	1.0048588
16.45	1.0065743
16.46	1.0082916
16.47	1.0100106
16.48	1.0117314
16.49	1.0134539
16.5	1.0151781
16.51	1.0169041
16.52	1.0186318
16.53	1.0203613
16.54	1.0220925
16.55	1.0238254
16.56	1.0255601
16.57	1.0272965
16.58	1.0290347
16.59	1.0307746
16.6	1.0325163
16.61	1.0342597
16.62	1.0360049
16.63	1.0377518
16.64	1.0395004
16.65	1.0412508
16.66	1.0430029
16.67	1.0447568
16.68	1.0465124
16.69	1.0482697
16.7	1.0500288
16.71	1.0517897
16.72	1.0535523
16.73	1.0553166
16.74	1.0570827
16.75	1.0588505
16.76	1.0606201
16.77	1.0623914
16.78	1.0641645
16.79	1.0659393
16.8	1.0677158
16.81	1.0694941
16.82	1.0712742
16.83	1.073056
16.84	1.0748395
16.85	1.0766248
16.86	1.0784118
16.87	1.0802006
16.88	1.0819912
16.89	1.0837834
16.9	1.0855775
16.91	1.0873732
16.92	1.0891708
16.93	1.09097
16.94	1.092771
16.95	1.0945738
16.96	1.0963783
16.97	1.0981846
16.98	1.0999926
16.99	1.1018024
17	1.1036139
17.01	1.1054271
17.02	1.1072421
17.03	1.1090589
17.04	1.1108774
17.05	1.1126977
17.06	1.1145197
17.07	1.1163434
17.08	1.1181689
17.09	1.1199962
17.1	1.1218252
17.11	1.123656
17.12	1.1254885
17.13	1.1273228
17.14	1.1291588
17.15	1.1309966
17.16	1.1328361
17.17	1.1346774
17.18	1.1365204
17.19	1.1383652
17.2	1.1402117
17.21	1.14206
17.22	1.14391
17.23	1.1457618
17.24	1.1476153
17.25	1.1494706
17.26	1.1513277
17.27	1.1531865
17.28	1.155047
17.29	1.1569094
17.3	1.1587734
17.31	1.1606392
17.32	1.1625068
17.33	1.1643761
17.34	1.1662472
17.35	1.1681201
17.36	1.1699947
17.37	1.171871
17.38	1.1737491
17.39	1.175629
17.4	1.1775106
17.41	1.179394
17.42	1.1812791
17.43	1.183166
17.44	1.1850546
17.45	1.186945
17.46	1.1888372
17.47	1.1907311
17.48	1.1926268
17.49	1.1945242
17.5	1.1964234
17.51	1.1983243
17.52	1.200227
17.53	1.2021315
17.54	1.2040377
17.55	1.2059457
17.56	1.2078554
17.57	1.2097669
17.58	1.2116801
17.59	1.2135952
17.6	1.2155119
17.61	1.2174304
17.62	1.2193507
17.63	1.2212728
17.64	1.2231966
17.65	1.2251222
17.66	1.2270495
17.67	1.2289786
17.68	1.2309094
17.69	1.232842
17.7	1.2347764
17.71	1.2367125
17.72	1.2386504
17.73	1.2405901
17.74	1.2425315
17.75	1.2444747
17.76	1.2464196
17.77	1.2483663
17.78	1.2503148
17.79	1.252265
17.8	1.254217
17.81	1.2561708
17.82	1.2581263
17.83	1.2600836
17.84	1.2620426
17.85	1.2640034
17.86	1.265966
17.87	1.2679303
17.88	1.2698964
17.89	1.2718643
17.9	1.2738339
17.91	1.2758053
17.92	1.2777785
17.93	1.2797534
17.94	1.2817301
17.95	1.2837085
17.96	1.2856888
17.97	1.2876707
17.98	1.2896545
17.99	1.29164
18	1.2936273
18.01	1.2956163
18.02	1.2976072
18.03	1.2995997
18.04	1.3015941
18.05	1.3035902
18.06	1.3055881
18.07	1.3075878
18.08	1.3095892
18.09	1.3115924
18.1	1.3135973
18.11	1.315604
18.12	1.3176125
18.13	1.3196228
18.14	1.3216348
18.15	1.3236486
18.16	1.3256642
18.17	1.3276815
18.18	1.3297006
18.19	1.3317215
18.2	1.3337442
18.21	1.3357686
18.22	1.3377948
18.23	1.3398227
18.24	1.3418524
18.25	1.3438839
18.26	1.3459172
18.27	1.3479523
18.28	1.3499891
18.29	1.3520277
18.3	1.354068
18.31	1.3561101
18.32	1.358154
18.33	1.3601997
18.34	1.3622471
18.35	1.3642964
18.36	1.3663474
18.37	1.3684001
18.38	1.3704547
18.39	1.372511
18.4	1.374569
18.41	1.3766289
18.42	1.3786905
18.43	1.3807539
18.44	1.3828191
18.45	1.3848861
18.46	1.3869548
18.47	1.3890253
18.48	1.3910976
18.49	1.3931716
18.5	1.3952475
18.51	1.3973251
18.52	1.3994045
18.53	1.4014856
18.54	1.4035685
18.55	1.4056532
18.56	1.4077397
18.57	1.409828
18.58	1.411918
18.59	1.4140099
18.6	1.4161034
18.61	1.4181988
18.62	1.420296
18.63	1.4223949
18.64	1.4244956
18.65	1.4265981
18.66	1.4287023
18.67	1.4308084
18.68	1.4329162
18.69	1.4350258
18.7	1.4371372
18.71	1.4392503
18.72	1.4413653
18.73	1.443482
18.74	1.4456005
18.75	1.4477208
18.76	1.4498428
18.77	1.4519667
18.78	1.4540923
18.79	1.4562197
18.8	1.4583489
18.81	1.4604798
18.82	1.4626126
18.83	1.4647471
18.84	1.4668834
18.85	1.4690215
18.86	1.4711614
18.87	1.473303
18.88	1.4754465
18.89	1.4775917
18.9	1.4797387
18.91	1.4818875
18.92	1.484038
18.93	1.4861904
18.94	1.4883445
18.95	1.4905005
18.96	1.4926582
18.97	1.4948176
18.98	1.4969789
18.99	1.499142
19	1.5013068
19.01	1.5034735
19.02	1.5056419
19.03	1.5078121
19.04	1.5099841
19.05	1.5121578
19.06	1.5143334
19.07	1.5165107
19.08	1.5186899
19.09	1.5208708
19.1	1.5230535
19.11	1.525238
19.12	1.5274243
19.13	1.5296124
19.14	1.5318022
19.15	1.5339939
19.16	1.5361873
19.17	1.5383825
19.18	1.5405795
19.19	1.5427783
19.2	1.5449789
19.21	1.5471813
19.22	1.5493855
19.23	1.5515914
19.24	1.5537992
19.25	1.5560087
19.26	1.55822
19.27	1.5604332
19.28	1.5626481
19.29	1.5648648
19.3	1.5670833
19.31	1.5693035
19.32	1.5715256
19.33	1.5737495
19.34	1.5759751
19.35	1.5782026
19.36	1.5804318
19.37	1.5826629
19.38	1.5848957
19.39	1.5871303
19.4	1.5893667
19.41	1.5916049
19.42	1.5938449
19.43	1.5960867
19.44	1.5983303
19.45	1.6005757
19.46	1.6028229
19.47	1.6050718
19.48	1.6073226
19.49	1.6095752
19.5	1.6118295
19.51	1.6140857
19.52	1.6163436
19.53	1.6186034
19.54	1.6208649
19.55	1.6231282
19.56	1.6253934
19.57	1.6276603
19.58	1.629929
19.59	1.6321995
19.6	1.6344719
19.61	1.636746
19.62	1.6390219
19.63	1.6412996
19.64	1.6435791
19.65	1.6458604
19.66	1.6481435
19.67	1.6504284
19.68	1.6527152
19.69	1.6550037
19.7	1.657294
19.71	1.6595861
19.72	1.66188
19.73	1.6641757
19.74	1.6664732
19.75	1.6687725
19.76	1.6710736
19.77	1.6733765
19.78	1.6756812
19.79	1.6779877
19.8	1.680296
19.81	1.6826061
19.82	1.684918
19.83	1.6872318
19.84	1.6895473
19.85	1.6918646
19.86	1.6941837
19.87	1.6965047
19.88	1.6988274
19.89	1.7011519
19.9	1.7034783
19.91	1.7058064
19.92	1.7081363
19.93	1.7104681
19.94	1.7128016
19.95	1.715137
19.96	1.7174742
19.97	1.7198131
19.98	1.7221539
19.99	1.7244965
20	1.7268409
20.01	1.7291871
20.02	1.7315351
20.03	1.7338849
20.04	1.7362365
20.05	1.7385899
20.06	1.7409451
20.07	1.7433022
20.08	1.745661
20.09	1.7480216
20.1	1.7503841
20.11	1.7527484
20.12	1.7551144
20.13	1.7574823
20.14	1.759852
20.15	1.7622235
20.16	1.7645968
20.17	1.7669719
20.18	1.7693489
20.19	1.7717276
20.2	1.7741082
20.21	1.7764905
20.22	1.7788747
20.23	1.7812607
20.24	1.7836485
20.25	1.7860381
20.26	1.7884295
20.27	1.7908227
20.28	1.7932177
20.29	1.7956146
20.3	1.7980133
20.31	1.8004137
20.32	1.802816
20.33	1.8052201
20.34	1.807626
20.35	1.8100338
20.36	1.8124433
20.37	1.8148547
20.38	1.8172678
20.39	1.8196828
20.4	1.8220996
20.41	1.8245182
20.42	1.8269387
20.43	1.8293609
20.44	1.831785
20.45	1.8342108
20.46	1.8366385
20.47	1.839068
20.48	1.8414994
20.49	1.8439325
20.5	1.8463675
20.51	1.8488042
20.52	1.8512428
20.53	1.8536832
20.54	1.8561255
20.55	1.8585695
20.56	1.8610154
20.57	1.8634631
20.58	1.8659126
20.59	1.8683639
20.6	1.870817
20.61	1.873272
20.62	1.8757288
20.63	1.8781874
20.64	1.8806478
20.65	1.88311
20.66	1.8855741
20.67	1.88804
20.68	1.8905077
20.69	1.8929772
20.7	1.8954486
20.71	1.8979217
20.72	1.9003967
20.73	1.9028735
20.74	1.9053522
20.75	1.9078326
20.76	1.9103149
20.77	1.912799
20.78	1.9152849
20.79	1.9177727
20.8	1.9202623
20.81	1.9227537
20.82	1.9252469
20.83	1.9277419
20.84	1.9302388
20.85	1.9327375
20.86	1.935238
20.87	1.9377404
20.88	1.9402445
20.89	1.9427505
20.9	1.9452584
20.91	1.947768
20.92	1.9502795
20.93	1.9527928
20.94	1.9553079
20.95	1.9578249
20.96	1.9603437
20.97	1.9628643
20.98	1.9653867
20.99	1.967911
21	1.9704371
21.01	1.972965
21.02	1.9754948
21.03	1.9780264
21.04	1.9805598
21.05	1.9830951
21.06	1.9856321
21.07	1.988171
21.08	1.9907118
21.09	1.9932544
21.1	1.9957988
21.11	1.998345
21.12	2.000893
21.13	2.0034429
21.14	2.0059947
21.15	2.0085482
21.16	2.0111036
21.17	2.0136608
21.18	2.0162199
21.19	2.0187808
21.2	2.0213435
21.21	2.0239081
21.22	2.0264745
21.23	2.0290427
21.24	2.0316127
21.25	2.0341846
21.26	2.0367584
21.27	2.0393339
21.28	2.0419113
21.29	2.0444906
21.3	2.0470716
21.31	2.0496545
21.32	2.0522393
21.33	2.0548259
21.34	2.0574143
21.35	2.0600045
21.36	2.0625966
21.37	2.0651906
21.38	2.0677863
21.39	2.0703839
21.4	2.0729834
21.41	2.0755847
21.42	2.0781878
21.43	2.0807927
21.44	2.0833995
21.45	2.0860082
21.46	2.0886186
21.47	2.091231
21.48	2.0938451
21.49	2.0964611
21.5	2.099079
21.51	2.1016986
21.52	2.1043202
21.53	2.1069435
21.54	2.1095687
21.55	2.1121958
21.56	2.1148247
21.57	2.1174554
21.58	2.120088
21.59	2.1227224
21.6	2.1253587
21.61	2.1279968
21.62	2.1306367
21.63	2.1332785
21.64	2.1359221
21.65	2.1385676
21.66	2.1412149
21.67	2.1438641
21.68	2.1465151
21.69	2.149168
21.7	2.1518227
21.71	2.1544792
21.72	2.1571376
21.73	2.1597979
21.74	2.16246
21.75	2.1651239
21.76	2.1677897
21.77	2.1704574
21.78	2.1731268
21.79	2.1757982
21.8	2.1784713
21.81	2.1811464
21.82	2.1838232
21.83	2.186502
21.84	2.1891825
21.85	2.191865
21.86	2.1945492
21.87	2.1972354
21.88	2.1999233
21.89	2.2026132
21.9	2.2053049
21.91	2.2079984
21.92	2.2106938
21.93	2.213391
21.94	2.2160901
21.95	2.218791
21.96	2.2214938
21.97	2.2241984
21.98	2.2269049
21.99	2.2296133
22	2.2323235
22.01	2.2350355
22.02	2.2377494
22.03	2.2404652
22.04	2.2431828
22.05	2.2459023
22.06	2.2486236
22.07	2.2513468
22.08	2.2540718
22.09	2.2567987
22.1	2.2595275
22.11	2.2622581
22.12	2.2649905
22.13	2.2677249
22.14	2.270461
22.15	2.2731991
22.16	2.275939
22.17	2.2786807
22.18	2.2814243
22.19	2.2841698
22.2	2.2869171
22.21	2.2896663
22.22	2.2924173
22.23	2.2951702
22.24	2.297925
22.25	2.3006816
22.26	2.3034401
22.27	2.3062005
22.28	2.3089627
22.29	2.3117267
22.3	2.3144927
22.31	2.3172604
22.32	2.3200301
22.33	2.3228016
22.34	2.325575
22.35	2.3283502
22.36	2.3311273
22.37	2.3339063
22.38	2.3366871
22.39	2.3394698
22.4	2.3422544
22.41	2.3450408
22.42	2.3478291
22.43	2.3506192
22.44	2.3534112
22.45	2.3562051
22.46	2.3590009
22.47	2.3617985
22.48	2.3645979
22.49	2.3673993
22.5	2.3702025
22.51	2.3730076
22.52	2.3758145
22.53	2.3786233
22.54	2.381434
22.55	2.3842466
22.56	2.387061
22.57	2.3898773
22.58	2.3926954
22.59	2.3955155
22.6	2.3983374
22.61	2.4011611
22.62	2.4039868
22.63	2.4068143
22.64	2.4096436
22.65	2.4124749
22.66	2.415308
22.67	2.418143
22.68	2.4209798
22.69	2.4238186
22.7	2.4266592
22.71	2.4295017
22.72	2.432346
22.73	2.4351922
22.74	2.4380403
22.75	2.4408903
22.76	2.4437421
22.77	2.4465959
22.78	2.4494515
22.79	2.4523089
22.8	2.4551683
22.81	2.4580295
22.82	2.4608926
22.83	2.4637575
22.84	2.4666244
22.85	2.4694931
22.86	2.4723637
22.87	2.4752362
22.88	2.4781105
22.89	2.4809868
22.9	2.4838649
22.91	2.4867449
22.92	2.4896267
22.93	2.4925105
22.94	2.4953961
22.95	2.4982836
22.96	2.501173
22.97	2.5040642
22.98	2.5069574
22.99	2.5098524
23	2.5127493
23.01	2.5156481
23.02	2.5185488
23.03	2.5214513
23.04	2.5243557
23.05	2.527262
23.06	2.5301702
23.07	2.5330803
23.08	2.5359923
23.09	2.5389061
23.1	2.5418218
23.11	2.5447394
23.12	2.5476589
23.13	2.5505803
23.14	2.5535036
23.15	2.5564287
23.16	2.5593558
23.17	2.5622847
23.18	2.5652155
23.19	2.5681482
23.2	2.5710827
23.21	2.5740192
23.22	2.5769575
23.23	2.5798978
23.24	2.5828399
23.25	2.5857839
23.26	2.5887298
23.27	2.5916776
23.28	2.5946273
23.29	2.5975789
23.3	2.6005323
23.31	2.6034877
23.32	2.6064449
23.33	2.609404
23.34	2.612365
23.35	2.6153279
23.36	2.6182927
23.37	2.6212594
23.38	2.624228
23.39	2.6271985
23.4	2.6301708
23.41	2.6331451
23.42	2.6361212
23.43	2.6390993
23.44	2.6420792
23.45	2.6450611
23.46	2.6480448
23.47	2.6510304
23.48	2.6540179
23.49	2.6570073
23.5	2.6599986
23.51	2.6629918
23.52	2.6659869
23.53	2.6689839
23.54	2.6719828
23.55	2.6749836
23.56	2.6779862
23.57	2.6809908
23.58	2.6839973
23.59	2.6870057
23.6	2.6900159
23.61	2.6930281
23.62	2.6960422
23.63	2.6990581
23.64	2.702076
23.65	2.7050958
23.66	2.7081174
23.67	2.711141
23.68	2.7141665
23.69	2.7171938
23.7	2.7202231
23.71	2.7232543
23.72	2.7262874
23.73	2.7293223
23.74	2.7323592
23.75	2.735398
23.76	2.7384387
23.77	2.7414812
23.78	2.7445257
23.79	2.7475721
23.8	2.7506204
23.81	2.7536706
23.82	2.7567227
23.83	2.7597767
23.84	2.7628326
23.85	2.7658905
23.86	2.7689502
23.87	2.7720118
23.88	2.7750754
23.89	2.7781408
23.9	2.7812082
23.91	2.7842774
23.92	2.7873486
23.93	2.7904217
23.94	2.7934967
23.95	2.7965736
23.96	2.7996524
23.97	2.8027331
23.98	2.8058157
23.99	2.8089002
24	2.8119867
24.01	2.815075
24.02	2.8181653
24.03	2.8212575
24.04	2.8243515
24.05	2.8274475
24.06	2.8305455
24.07	2.8336453
24.08	2.836747
24.09	2.8398507
24.1	2.8429562
24.11	2.8460637
24.12	2.8491731
24.13	2.8522844
24.14	2.8553976
24.15	2.8585127
24.16	2.8616298
24.17	2.8647488
24.18	2.8678696
24.19	2.8709924
24.2	2.8741171
24.21	2.8772438
24.22	2.8803723
24.23	2.8835028
24.24	2.8866352
24.25	2.8897695
24.26	2.8929057
24.27	2.8960438
24.28	2.8991839
24.29	2.9023259
24.3	2.9054697
24.31	2.9086156
24.32	2.9117633
24.33	2.914913
24.34	2.9180645
24.35	2.921218
24.36	2.9243734
24.37	2.9275308
24.38	2.93069
24.39	2.9338512
24.4	2.9370143
24.41	2.9401794
24.42	2.9433463
24.43	2.9465152
24.44	2.949686
24.45	2.9528587
24.46	2.9560334
24.47	2.95921
24.48	2.9623885
24.49	2.9655689
24.5	2.9687512
24.51	2.9719355
24.52	2.9751217
24.53	2.9783099
24.54	2.9814999
24.55	2.9846919
24.56	2.9878858
24.57	2.9910817
24.58	2.9942795
24.59	2.9974792
24.6	3.0006808
24.61	3.0038843
24.62	3.0070898
24.63	3.0102973
24.64	3.0135066
24.65	3.0167179
24.66	3.0199311
24.67	3.0231463
24.68	3.0263633
24.69	3.0295823
24.7	3.0328033
24.71	3.0360262
24.72	3.039251
24.73	3.0424777
24.74	3.0457064
24.75	3.048937
24.76	3.0521695
24.77	3.055404
24.78	3.0586404
24.79	3.0618788
24.8	3.0651191
24.81	3.0683613
24.82	3.0716054
24.83	3.0748515
24.84	3.0780996
24.85	3.0813495
24.86	3.0846014
24.87	3.0878553
24.88	3.0911111
24.89	3.0943688
24.9	3.0976284
24.91	3.10089
24.92	3.1041536
24.93	3.1074191
24.94	3.1106865
24.95	3.1139558
24.96	3.1172271
24.97	3.1205004
24.98	3.1237756
24.99	3.1270527
25	3.1303318
25.01	3.1336128
25.02	3.1368957
25.03	3.1401806
25.04	3.1434675
25.05	3.1467563
25.06	3.150047
25.07	3.1533397
25.08	3.1566343
25.09	3.1599309
25.1	3.1632294
25.11	3.1665298
25.12	3.1698322
25.13	3.1731366
25.14	3.1764429
25.15	3.1797511
25.16	3.1830613
25.17	3.1863735
25.18	3.1896875
25.19	3.1930036
25.2	3.1963216
25.21	3.1996415
25.22	3.2029634
25.23	3.2062872
25.24	3.209613
25.25	3.2129408
25.26	3.2162705
25.27	3.2196021
25.28	3.2229357
25.29	3.2262712
25.3	3.2296087
25.31	3.2329482
25.32	3.2362896
25.33	3.2396329
25.34	3.2429783
25.35	3.2463255
25.36	3.2496747
25.37	3.2530259
25.38	3.2563791
25.39	3.2597341
25.4	3.2630912
25.41	3.2664502
25.42	3.2698111
25.43	3.2731741
25.44	3.2765389
25.45	3.2799058
25.46	3.2832745
25.47	3.2866453
25.48	3.290018
25.49	3.2933927
25.5	3.2967693
25.51	3.3001479
25.52	3.3035284
25.53	3.3069109
25.54	3.3102962
25.55	3.3136883
25.56	3.3170877
25.57	3.3204945
25.58	3.3239087
25.59	3.3273303
25.6	3.3307593
25.61	3.3341956
25.62	3.3376393
25.63	3.3410904
25.64	3.344549
25.65	3.3480149
25.66	3.3514882
25.67	3.354969
25.68	3.3584572
25.69	3.3619528
25.7	3.3654558
25.71	3.3689663
25.72	3.3724842
25.73	3.3760096
25.74	3.3795424
25.75	3.3830827
25.76	3.3866305
25.77	3.3901857
25.78	3.3937484
25.79	3.3973186
25.8	3.4008962
25.81	3.4044814
25.82	3.408074
25.83	3.4116741
25.84	3.4152818
25.85	3.4188969
25.86	3.4225196
25.87	3.4261498
25.88	3.4297875
25.89	3.4334328
25.9	3.4370856
25.91	3.440746
25.92	3.4444138
25.93	3.4480893
25.94	3.4517723
25.95	3.4554629
25.96	3.459161
25.97	3.4628668
25.98	3.4665801
25.99	3.470301
26	3.4740295
26.01	3.4777656
26.02	3.4815093
26.03	3.4852606
26.04	3.4890195
26.05	3.4927861
26.06	3.4965602
26.07	3.5003421
26.08	3.5041315
26.09	3.5079286
26.1	3.5117334
26.11	3.5155458
26.12	3.5193659
26.13	3.5231936
26.14	3.5270291
26.15	3.5308722
26.16	3.534723
26.17	3.5385814
26.18	3.5424476
26.19	3.5463215
26.2	3.5502031
26.21	3.5540925
26.22	3.5579895
26.23	3.5618943
26.24	3.5658068
26.25	3.569727
26.26	3.573655
26.27	3.5775908
26.28	3.5815343
26.29	3.5854856
26.3	3.5894446
26.31	3.5934115
26.32	3.5973861
26.33	3.6013685
26.34	3.6053587
26.35	3.6093567
26.36	3.6133625
26.37	3.6173762
26.38	3.6213976
26.39	3.6254269
26.4	3.629464
26.41	3.633509
26.42	3.6375618
26.43	3.6416225
26.44	3.645691
26.45	3.6497674
26.46	3.6538517
26.47	3.6579438
26.48	3.6620438
26.49	3.6661518
26.5	3.6702676
26.51	3.6743913
26.52	3.678523
26.53	3.6826626
26.54	3.6868101
26.55	3.6909655
26.56	3.6951289
26.57	3.6993002
26.58	3.7034795
26.59	3.7076667
26.6	3.7118619
26.61	3.7160651
26.62	3.7202762
26.63	3.7244954
26.64	3.7287225
26.65	3.7329577
26.66	3.7372008
26.67	3.741452
26.68	3.7457112
26.69	3.7499784
26.7	3.7542536
26.71	3.7585369
26.72	3.7628283
26.73	3.7671277
26.74	3.7714351
26.75	3.7757507
26.76	3.7800743
26.77	3.784406
26.78	3.7887458
26.79	3.7930937
26.8	3.7974497
26.81	3.8018138
26.82	3.806186
26.83	3.8105664
26.84	3.8149549
26.85	3.8193515
26.86	3.8237563
26.87	3.8281693
26.88	3.8325904
26.89	3.8370197
26.9	3.8414572
26.91	3.8459028
26.92	3.8503567
26.93	3.8548187
26.94	3.859289
26.95	3.8637675
26.96	3.8682542
26.97	3.8727491
26.98	3.8772523
26.99	3.8817638
27	3.8862835
27.01	3.8908114
27.02	3.8953476
27.03	3.8998921
27.04	3.9044449
27.05	3.909006
27.06	3.9135754
27.07	3.9181531
27.08	3.9227391
27.09	3.9273335
27.1	3.9319361
27.11	3.9365472
27.12	3.9411665
27.13	3.9457943
27.14	3.9504303
27.15	3.9550748
27.16	3.9597277
27.17	3.9643889
27.18	3.9690585
27.19	3.9737366
27.2	3.978423
27.21	3.9831179
27.22	3.9878212
27.23	3.992533
27.24	3.9972531
27.25	4.0019818
27.26	4.0067189
27.27	4.0114645
27.28	4.0162186
27.29	4.0209811
27.3	4.0257522
27.31	4.0305317
27.32	4.0353198
27.33	4.0401164
27.34	4.0449215
27.35	4.0497352
27.36	4.0545574
27.37	4.0593881
27.38	4.0642275
27.39	4.0690754
27.4	4.0739319
27.41	4.0787969
27.42	4.0836706
27.43	4.0885529
27.44	4.0934438
27.45	4.0983433
27.46	4.1032515
27.47	4.1081683
27.48	4.1130938
27.49	4.1180279
27.5	4.1229707
27.51	4.1279222
27.52	4.1328823
27.53	4.1378512
27.54	4.1428288
27.55	4.147815
27.56	4.1528101
27.57	4.1578138
27.58	4.1628263
27.59	4.1678475
27.6	4.1728775
27.61	4.1779163
27.62	4.1829638
27.63	4.1880202
27.64	4.1930853
27.65	4.1981593
27.66	4.203242
27.67	4.2083336
27.68	4.213434
27.69	4.2185433
27.7	4.2236614
27.71	4.2287884
27.72	4.2339243
27.73	4.2390691
27.74	4.2442227
27.75	4.2493853
27.76	4.2545567
27.77	4.2597371
27.78	4.2649264
27.79	4.2701247
27.8	4.2753319
27.81	4.2805481
27.82	4.2857732
27.83	4.2910073
27.84	4.2962505
27.85	4.3015026
27.86	4.3067637
27.87	4.3120339
27.88	4.3173131
27.89	4.3226013
27.9	4.3278986
27.91	4.3332049
27.92	4.3385204
27.93	4.3438449
27.94	4.3491785
27.95	4.3545212
27.96	4.359873
27.97	4.3652339
27.98	4.370604
27.99	4.3759832
28	4.3813716
28.01	4.3867691
28.02	4.3921758
28.03	4.3975917
28.04	4.4030168
28.05	4.4084511
28.06	4.4138947
28.07	4.4193474
28.08	4.4248094
28.09	4.4302807
28.1	4.4357612
28.11	4.441251
28.12	4.4467501
28.13	4.4522584
28.14	4.4577761
28.15	4.4633031
28.16	4.4688394
28.17	4.4743851
28.18	4.4799401
28.19	4.4855044
28.2	4.4910782
28.21	4.4966613
28.22	4.5022538
28.23	4.5078557
28.24	4.5134671
28.25	4.5190879
28.26	4.5247181
28.27	4.5303577
28.28	4.5360069
28.29	4.5416655
28.3	4.5473336
28.31	4.5530111
28.32	4.5586982
28.33	4.5643949
28.34	4.570101
28.35	4.5758167
28.36	4.581542
28.37	4.5872768
28.38	4.5930212
28.39	4.5987752
28.4	4.6045388
28.41	4.610312
28.42	4.6160948
28.43	4.6218873
28.44	4.6276895
28.45	4.6335013
28.46	4.6393227
28.47	4.6451539
28.48	4.6509948
28.49	4.6568453
28.5	4.6627057
28.51	4.6685757
28.52	4.6744555
28.53	4.680345
28.54	4.6862444
28.55	4.6921535
28.56	4.6980724
28.57	4.7040012
28.58	4.7099397
28.59	4.7158881
28.6	4.7218464
28.61	4.7278145
28.62	4.7337925
28.63	4.7397804
28.64	4.7457782
28.65	4.7517859
28.66	4.7578035
28.67	4.7638311
28.68	4.7698686
28.69	4.7759161
28.7	4.7819736
28.71	4.7880411
28.72	4.7941186
28.73	4.8002061
28.74	4.8063036
28.75	4.8124112
28.76	4.8185289
28.77	4.8246566
28.78	4.8307944
28.79	4.8369423
28.8	4.8431004
28.81	4.8492685
28.82	4.8554468
28.83	4.8616353
28.84	4.867834
28.85	4.8740428
28.86	4.8802618
28.87	4.886491
28.88	4.8927305
28.89	4.8989802
28.9	4.9052402
28.91	4.9115104
28.92	4.917791
28.93	4.9240818
28.94	4.9303829
28.95	4.9366944
28.96	4.9430162
28.97	4.9493483
28.98	4.9556909
28.99	4.9620438
29	4.9684071
29.01	4.9747808
29.02	4.981165
29.03	4.9875596
29.04	4.9939647
29.05	5.0003802
29.06	5.0068062
29.07	5.0132428
29.08	5.0196898
29.09	5.0261474
29.1	5.0326155
29.11	5.0390942
29.12	5.0455835
29.13	5.0520834
29.14	5.0585939
29.15	5.065115
29.16	5.0716468
29.17	5.0781892
29.18	5.0847423
29.19	5.0913061
29.2	5.0978806
29.21	5.1044658
29.22	5.1110617
29.23	5.1176684
29.24	5.1242859
29.25	5.1309141
29.26	5.1375532
29.27	5.144203
29.28	5.1508637
29.29	5.1575353
29.3	5.1642177
29.31	5.170911
29.32	5.1776152
29.33	5.1843303
29.34	5.1910563
29.35	5.1977933
29.36	5.2045413
29.37	5.2113002
29.38	5.2180701
29.39	5.2248511
29.4	5.2316431
29.41	5.2384461
29.42	5.2452602
29.43	5.2520854
29.44	5.2589216
29.45	5.265769
29.46	5.2726276
29.47	5.2794973
29.48	5.2863781
29.49	5.2932702
29.5	5.3001734
29.51	5.3070879
29.52	5.3140136
29.53	5.3209506
29.54	5.3278988
29.55	5.3348583
29.56	5.3418292
29.57	5.3488114
29.58	5.3558049
29.59	5.3628098
29.6	5.3698261
29.61	5.3768537
29.62	5.3838928
29.63	5.3909434
29.64	5.3980054
29.65	5.4050789
29.66	5.4121638
29.67	5.4192603
29.68	5.4263683
29.69	5.4334879
29.7	5.440619
29.71	5.4477618
29.72	5.4549161
29.73	5.4620821
29.74	5.4692597
29.75	5.476449
29.76	5.4836499
29.77	5.4908626
29.78	5.498087
29.79	5.5053231
29.8	5.512571
29.81	5.5198307
29.82	5.5271022
29.83	5.5343855
29.84	5.5416807
29.85	5.5489877
29.86	5.5563066
29.87	5.5636374
29.88	5.5709802
29.89	5.5783348
29.9	5.5857015
29.91	5.5930801
29.92	5.6004707
29.93	5.6078734
29.94	5.6152881
29.95	5.6227149
29.96	5.6301538
29.97	5.6376047
29.98	5.6450679
29.99	5.6525431
30	5.6600306
30.01	5.6675302
30.02	5.6750421
30.03	5.6825661
30.04	5.6901025
30.05	5.6976511
30.06	5.7052121
30.07	5.7127853
30.08	5.7203709
30.09	5.7279689
30.1	5.7355793
30.11	5.7432021
30.12	5.7508373
30.13	5.758485
30.14	5.7661451
30.15	5.7738178
30.16	5.781503
30.17	5.7892007
30.18	5.7969111
30.19	5.804634
30.2	5.8123695
30.21	5.8201177
30.22	5.8278785
30.23	5.835652
30.24	5.8434383
30.25	5.8512372
30.26	5.859049
30.27	5.8668735
30.28	5.8747108
30.29	5.8825609
30.3	5.8904239
30.31	5.8982998
30.32	5.9061886
30.33	5.9140903
30.34	5.922005
30.35	5.9299326
30.36	5.9378732
30.37	5.9458269
30.38	5.9537936
30.39	5.9617734
30.4	5.9697663
30.41	5.9777723
30.42	5.9857915
30.43	5.9938238
30.44	6.0018694
30.45	6.0099281
30.46	6.0180002
30.47	6.0260855
30.48	6.0341841
30.49	6.042296
30.5	6.0504213
30.51	6.05856
30.52	6.0667121
30.53	6.0748776
30.54	6.0830566
30.55	6.091249
30.56	6.099455
30.57	6.1076745
30.58	6.1159076
30.59	6.1241543
30.6	6.1324147
30.61	6.1406886
30.62	6.1489763
30.63	6.1572776
30.64	6.1655927
30.65	6.1739216
30.66	6.1822642
30.67	6.1906207
30.68	6.198991
30.69	6.2073752
30.7	6.2157733
30.71	6.2241853
30.72	6.2326113
30.73	6.2410513
30.74	6.2495053
30.75	6.2579733
30.76	6.2664554
30.77	6.2749516
30.78	6.283462
30.79	6.2919865
30.8	6.3005252
30.81	6.3090782
30.82	6.3176454
30.83	6.3262269
30.84	6.3348227
30.85	6.3434328
30.86	6.3520574
30.87	6.3606963
30.88	6.3693497
30.89	6.3780175
30.9	6.3866998
30.91	6.3953967
30.92	6.4041082
30.93	6.4128342
30.94	6.4215749
30.95	6.4303302
30.96	6.4391002
30.97	6.4478849
30.98	6.4566844
30.99	6.4654987
31	6.4743278
31.01	6.4831717
31.02	6.4920306
31.03	6.5009043
31.04	6.509793
31.05	6.5186967
31.06	6.5276155
31.07	6.5365492
31.08	6.5454981
31.09	6.554462
31.1	6.5634412
31.11	6.5724355
31.12	6.581445
31.13	6.5904698
31.14	6.5995099
31.15	6.6085654
31.16	6.6176361
31.17	6.6267223
31.18	6.6358239
31.19	6.644941
31.2	6.6540736
31.21	6.6632218
31.22	6.6723855
31.23	6.6815648
31.24	6.6907598
31.25	6.6999704
31.26	6.7091968
31.27	6.718439
31.28	6.7276969
31.29	6.7369707
31.3	6.7462604
31.31	6.755566
31.32	6.7648875
31.33	6.774225
31.34	6.7835785
31.35	6.7929481
31.36	6.8023338
31.37	6.8117357
31.38	6.8211537
31.39	6.8305879
31.4	6.8400384
31.41	6.8495052
31.42	6.8589884
31.43	6.8684879
31.44	6.8780039
31.45	6.8875363
31.46	6.8970852
31.47	6.9066506
31.48	6.9162326
31.49	6.9258313
31.5	6.9354466
31.51	6.9450786
31.52	6.9547274
31.53	6.964393
31.54	6.9740754
31.55	6.9837747
31.56	6.9934909
31.57	7.003224
31.58	7.0129742
31.59	7.0227414
31.6	7.0325257
31.61	7.0423272
31.62	7.0521458
31.63	7.0619817
31.64	7.0718348
31.65	7.0817052
31.66	7.091593
31.67	7.1014982
31.68	7.1114209
31.69	7.121361
31.7	7.1313187
31.71	7.141294
31.72	7.1512869
31.73	7.1612975
31.74	7.1713259
31.75	7.181372
31.76	7.1914359
31.77	7.2015177
31.78	7.2116174
31.79	7.2217351
31.8	7.2318708
31.81	7.2420246
31.82	7.2521965
31.83	7.2623866
31.84	7.2725948
31.85	7.2828214
31.86	7.2930662
31.87	7.3033294
31.88	7.313611
31.89	7.3239111
31.9	7.3342297
31.91	7.3445669
31.92	7.3549227
31.93	7.3652972
31.94	7.3756904
31.95	7.3861023
31.96	7.3965331
31.97	7.4069828
31.98	7.4174515
31.99	7.4279391
32	7.4384457
32.01	7.4489715
32.02	7.4595164
32.03	7.4700805
32.04	7.4806639
32.05	7.4912666
32.06	7.5018887
32.07	7.5125303
32.08	7.5231913
32.09	7.5338718
32.1	7.544572
32.11	7.5552918
32.12	7.5660314
32.13	7.5767907
32.14	7.5875699
32.15	7.5983689
32.16	7.609188
32.17	7.620027
32.18	7.6308861
32.19	7.6417654
32.2	7.6526648
32.21	7.6635845
32.22	7.6745245
32.23	7.6854849
32.24	7.6964658
32.25	7.7074671
32.26	7.7184891
32.27	7.7295316
32.28	7.7405949
32.29	7.7516789
32.3	7.7627837
32.31	7.7739095
32.32	7.7850562
32.33	7.7962239
32.34	7.8074127
32.35	7.8186226
32.36	7.8298538
32.37	7.8411062
32.38	7.85238
32.39	7.8636753
32.4	7.874992
32.41	7.8863303
32.42	7.8976902
32.43	7.9090718
32.44	7.9204752
32.45	7.9319005
32.46	7.9433476
32.47	7.9548167
32.48	7.9663079
32.49	7.9778212
32.5	7.9893567
32.51	8.0009145
32.52	8.0124947
32.53	8.0240972
32.54	8.0357223
32.55	8.0473699
32.56	8.0590402
32.57	8.0707332
32.58	8.0824491
32.59	8.0941878
32.6	8.1059494
32.61	8.1177341
32.62	8.1295419
32.63	8.1413729
32.64	8.1532272
32.65	8.1651048
32.66	8.1770058
32.67	8.1889304
32.68	8.2008786
32.69	8.2128505
32.7	8.2248461
32.71	8.2368655
32.72	8.2489089
32.73	8.2609764
32.74	8.2730679
32.75	8.2851836
32.76	8.2973236
32.77	8.3094879
32.78	8.3216767
32.79	8.33389
32.8	8.346128
32.81	8.3583907
32.82	8.3706781
32.83	8.3829905
32.84	8.3953279
32.85	8.4076903
32.86	8.4200779
32.87	8.4324908
32.88	8.444929
32.89	8.4573927
32.9	8.469882
32.91	8.4823969
32.92	8.4949375
32.93	8.507504
32.94	8.5200964
32.95	8.5327148
32.96	8.5453594
32.97	8.5580302
32.98	8.5707273
32.99	8.5834509
33	8.5962011
33.01	8.6089778
33.02	8.6217813
33.03	8.6346117
33.04	8.647469
33.05	8.6603534
33.06	8.673265
33.07	8.6862038
33.08	8.69917
33.09	8.7121637
33.1	8.725185
33.11	8.7382341
33.12	8.7513109
33.13	8.7644157
33.14	8.7775486
33.15	8.7907096
33.16	8.8038989
33.17	8.8171166
33.18	8.8303628
33.19	8.8436376
33.2	8.8569412
33.21	8.8702737
33.22	8.8836352
33.23	8.8970258
33.24	8.9104456
33.25	8.9238947
33.26	8.9373734
33.27	8.9508817
33.28	8.9644197
33.29	8.9779875
33.3	8.9915854
33.31	9.0052133
33.32	9.0188716
33.33	9.0325602
33.34	9.0462793
33.35	9.0600291
33.36	9.0738096
33.37	9.0876211
33.38	9.1014636
33.39	9.1153373
33.4	9.1292424
33.41	9.1431789
33.42	9.157147
33.43	9.1711469
33.44	9.1851787
33.45	9.1992426
33.46	9.2133386
33.47	9.2274669
33.48	9.2416278
33.49	9.2558213
33.5	9.2700476
33.51	9.2843068
33.52	9.2985991
33.53	9.3129247
33.54	9.3272837
33.55	9.3416762
33.56	9.3561024
33.57	9.3705626
33.58	9.3850568
33.59	9.3995852
33.6	9.4141479
33.61	9.4287453
33.62	9.4433773
33.63	9.4580442
33.64	9.4727461
33.65	9.4874833
33.66	9.5022558
33.67	9.5170639
33.68	9.5319078
33.69	9.5467876
33.7	9.5617035
33.71	9.5766557
33.72	9.5916443
33.73	9.6066696
33.74	9.6217317
33.75	9.6368309
33.76	9.6519673
33.77	9.6671411
33.78	9.6823525
33.79	9.6976017
33.8	9.712889
33.81	9.7282144
33.82	9.7435782
33.83	9.7589806
33.84	9.7744218
33.85	9.7899021
33.86	9.8054215
33.87	9.8209804
33.88	9.836579
33.89	9.8522174
33.9	9.8678959
33.91	9.8836147
33.92	9.899374
33.93	9.9151741
33.94	9.9310152
33.95	9.9468974
33.96	9.9628211
33.97	9.9787865
33.98	9.9947937
33.99	10.010843
34	10.026935
34.01	10.043069
34.02	10.059247
34.03	10.075467
34.04	10.091731
34.05	10.108038
34.06	10.124389
34.07	10.140785
34.08	10.157225
34.09	10.173709
34.1	10.190239
34.11	10.206813
34.12	10.223433
34.13	10.240099
34.14	10.256811
34.15	10.273569
34.16	10.290374
34.17	10.307225
34.18	10.324124
34.19	10.341071
34.2	10.358065
34.21	10.375107
34.22	10.392197
34.23	10.409336
34.24	10.426524
34.25	10.443762
34.26	10.461049
34.27	10.478386
34.28	10.495773
34.29	10.513211
34.3	10.5307
34.31	10.54824
34.32	10.565832
34.33	10.583475
34.34	10.601171
34.35	10.61892
34.36	10.636722
34.37	10.654577
34.38	10.672485
34.39	10.690448
34.4	10.708466
34.41	10.726538
34.42	10.744674
34.43	10.762916
34.44	10.781272
34.45	10.799742
34.46	10.818329
34.47	10.837035
34.48	10.85586
34.49	10.874808
34.5	10.89388
34.51	10.913077
34.52	10.932402
34.53	10.951857
34.54	10.971444
34.55	10.991165
34.56	11.011022
34.57	11.031018
34.58	11.051154
34.59	11.071434
34.6	11.09186
34.61	11.112434
34.62	11.133158
34.63	11.154037
34.64	11.175072
34.65	11.196266
34.66	11.217623
34.67	11.239146
34.68	11.260837
34.69	11.2827
34.7	11.304738
34.71	11.326956
34.72	11.349356
34.73	11.371942
34.74	11.394719
34.75	11.417691
34.76	11.440861
34.77	11.464234
34.78	11.487815
34.79	11.511609
34.8	11.535619
34.81	11.559853
34.82	11.584314
34.83	11.609009
34.84	11.633943
34.85	11.659123
34.86	11.684555
34.87	11.710245
34.88	11.7362
34.89	11.762428
34.9	11.788937
34.91	11.815733
34.92	11.842827
34.93	11.870226
34.94	11.89794
34.95	11.925979
34.96	11.954353
34.97	11.983073
34.98	12.01215
34.99	12.041596
35	12.071426
35.01	12.101651
35.02	12.132288
35.03	12.16335
35.04	12.194856
35.05	12.226822
35.06	12.259267
35.07	12.292212
35.08	12.325678
35.09	12.359689
35.1	12.39427
35.11	12.429448
35.12	12.465252
35.13	12.501715
35.14	12.538872
35.15	12.576761
35.16	12.615423
35.17	12.654906
35.18	12.69526
35.19	12.736541
35.2	12.778813
35.21	12.822146
35.22	12.866621
35.23	12.912326
35.24	12.959366
35.25	13.007859
35.26	13.057941
35.27	13.109773
35.28	13.163545
35.29	13.219482
35.3	13.277861
35.31	13.339021
35.32	13.403387
35.33	13.471509
35.34	13.544114
35.35	13.622201
35.36	13.707208
35.37	13.801344
35.38	13.908328
35.39	14.035428
35.4	14.201474
35.41	14.401474
35.42	14.601474
35.43	14.801474
35.44	15.001474
35.45	15.201474
35.46	15.401474
35.47	15.601474
35.48	15.801474
35.49	16.001474
35.5	16.201474
35.51	16.401474
35.52	16.601474
35.53	16.801474
35.54	17.001474
35.55	17.201474
35.56	17.401474
35.57	17.601474
35.58	17.801474
35.59	18.001474
35.6	18.201474
35.61	18.401474
35.62	18.601474
35.63	18.801474
35.64	19.001474
35.65	19.201474
35.66	19.401474
35.67	19.601474
35.68	19.801474
35.69	20.001474
35.7	20.201474
35.71	20.401474
35.72	20.601474
35.73	20.801474
35.74	21.001474
35.75	21.201474
35.76	21.401474
35.77	21.601474
35.78	21.801474
35.79	22.001474
35.8	22.201474
35.81	22.401474
35.82	22.601474
35.83	22.801474
35.84	23.001474
35.85	23.201474
35.86	23.401474
35.87	23.601474
35.88	23.801474
35.89	24.001474
35.9	24.201474
35.91	24.401474
35.92	24.601474
35.93	24.801474
35.94	25.001474
35.95	25.201474
35.96	25.401474
35.97	25.601474
35.98	25.801474
35.99	26.001474
36	26.201474
36.01	26.401474
36.02	26.601474
36.03	26.801474
36.04	27.001474
36.05	27.201474
36.06	27.401474
36.07	27.601474
36.08	27.801474
36.09	28.001474
36.1	28.201474
36.11	28.401474
36.12	28.601474
36.13	28.801474
36.14	29.001474
36.15	29.201474
36.16	29.401474
36.17	29.601474
36.18	29.801474